SaleID,Date,Year,Month,Season,CustomerID,ProductID,ProductName,Category,Quantity,UnitPrice,DiscountPercent,GrossAmount,NetAmount,Channel
SALE-00001,2024-01-01,2024,1,Winter,CUST-0021,PRD-0057,Basic Sun Hat,Accessories,2,22.55,0.2,45.1,36.08,Online
SALE-00002,2024-01-01,2024,1,Winter,CUST-0057,PRD-0054,Premium Flip Flops,Footwear,2,150.32,0.0,300.64,300.64,In-Store
SALE-00003,2024-01-01,2024,1,Winter,CUST-0069,PRD-0062,Premium Beanie,Accessories,2,35.38,0.1,70.76,63.68,In-Store
SALE-00004,2024-01-02,2024,1,Winter,CUST-0037,PRD-0007,Basic Polo Shirt,Tops,2,29.13,0.0,58.26,58.26,Online
SALE-00005,2024-01-02,2024,1,Winter,CUST-0078,PRD-0054,Premium Flip Flops,Footwear,1,150.32,0.0,150.32,150.32,In-Store
SALE-00006,2024-01-03,2024,1,Winter,CUST-0024,PRD-0053,Basic Flip Flops,Footwear,1,120.55,0.1,120.55,108.5,In-Store
SALE-00007,2024-01-03,2024,1,Winter,CUST-0080,PRD-0063,Basic Belt,Accessories,2,20.59,0.0,41.18,41.18,Mobile App
SALE-00008,2024-01-04,2024,1,Winter,CUST-0055,PRD-0003,Basic Blouse,Tops,1,22.01,0.0,22.01,22.01,Online
SALE-00009,2024-01-04,2024,1,Winter,CUST-0036,PRD-0043,Basic Running Shorts,Activewear,1,57.4,0.1,57.4,51.66,In-Store
SALE-00010,2024-01-06,2024,1,Winter,CUST-0062,PRD-0044,Premium Running Shorts,Activewear,1,64.76,0.0,64.76,64.76,In-Store
SALE-00011,2024-01-06,2024,1,Winter,CUST-0069,PRD-0019,Basic Leggings,Bottoms,2,79.88,0.0,159.76,159.76,In-Store
SALE-00012,2024-01-06,2024,1,Winter,CUST-0070,PRD-0042,Premium Sports Bra,Activewear,1,73.12,0.0,73.12,73.12,In-Store
SALE-00013,2024-01-06,2024,1,Winter,CUST-0028,PRD-0012,Premium Jeans,Bottoms,1,106.38,0.0,106.38,106.38,Online
SALE-00014,2024-01-06,2024,1,Winter,CUST-0076,PRD-0064,Premium Belt,Accessories,1,52.98,0.2,52.98,42.38,In-Store
SALE-00015,2024-01-08,2024,1,Winter,CUST-0008,PRD-0060,Premium Scarf,Accessories,1,20.13,0.1,20.13,18.12,Online
SALE-00016,2024-01-10,2024,1,Winter,CUST-0061,PRD-0062,Premium Beanie,Accessories,1,35.38,0.1,35.38,31.84,In-Store
SALE-00017,2024-01-10,2024,1,Winter,CUST-0058,PRD-0057,Basic Sun Hat,Accessories,1,22.55,0.0,22.55,22.55,In-Store
SALE-00018,2024-01-11,2024,1,Winter,CUST-0014,PRD-0026,Premium Cocktail Dress,Dresses,1,118.94,0.0,118.94,118.94,Online
SALE-00019,2024-01-11,2024,1,Winter,CUST-0053,PRD-0033,Basic Puffer Jacket,Outerwear,1,119.01,0.1,119.01,107.11,In-Store
SALE-00020,2024-01-12,2024,1,Winter,CUST-0074,PRD-0016,Premium Skirt,Bottoms,4,48.68,0.0,194.72,194.72,Online
SALE-00021,2024-01-13,2024,1,Winter,CUST-0049,PRD-0015,Basic Skirt,Bottoms,2,38.55,0.0,77.1,77.1,In-Store
SALE-00022,2024-01-14,2024,1,Winter,CUST-0011,PRD-0032,Premium Denim Jacket,Outerwear,1,176.16,0.0,176.16,176.16,Mobile App
SALE-00023,2024-01-15,2024,1,Winter,CUST-0004,PRD-0007,Basic Polo Shirt,Tops,4,29.13,0.0,116.52,116.52,In-Store
SALE-00024,2024-01-15,2024,1,Winter,CUST-0025,PRD-0048,Premium Sandals,Footwear,1,87.64,0.0,87.64,87.64,Online
SALE-00025,2024-01-16,2024,1,Winter,CUST-0051,PRD-0020,Premium Leggings,Bottoms,1,38.24,0.1,38.24,34.42,In-Store
SALE-00026,2024-01-17,2024,1,Winter,CUST-0046,PRD-0008,Premium Polo Shirt,Tops,1,37.93,0.0,37.93,37.93,In-Store
SALE-00027,2024-01-18,2024,1,Winter,CUST-0028,PRD-0015,Basic Skirt,Bottoms,1,38.55,0.1,38.55,34.7,Online
SALE-00028,2024-01-18,2024,1,Winter,CUST-0038,PRD-0033,Basic Puffer Jacket,Outerwear,1,119.01,0.1,119.01,107.11,Online
SALE-00029,2024-01-18,2024,1,Winter,CUST-0015,PRD-0014,Premium Shorts,Bottoms,2,58.96,0.0,117.92,117.92,In-Store
SALE-00030,2024-01-18,2024,1,Winter,CUST-0076,PRD-0060,Premium Scarf,Accessories,1,20.13,0.0,20.13,20.13,Online
SALE-00031,2024-01-20,2024,1,Winter,CUST-0053,PRD-0004,Premium Blouse,Tops,4,61.37,0.1,245.48,220.93,Online
SALE-00032,2024-01-20,2024,1,Winter,CUST-0053,PRD-0017,Basic Trousers,Bottoms,1,79.19,0.0,79.19,79.19,In-Store
SALE-00033,2024-01-21,2024,1,Winter,CUST-0056,PRD-0023,Basic Maxi Dress,Dresses,1,59.74,0.1,59.74,53.77,Online
SALE-00034,2024-01-21,2024,1,Winter,CUST-0017,PRD-0022,Premium Sundress,Dresses,4,50.32,0.0,201.28,201.28,Mobile App
SALE-00035,2024-01-22,2024,1,Winter,CUST-0023,PRD-0046,Premium Track Jacket,Activewear,4,49.41,0.0,197.64,197.64,Online
SALE-00036,2024-01-22,2024,1,Winter,CUST-0019,PRD-0066,Premium Sunglasses,Accessories,2,31.97,0.0,63.94,63.94,In-Store
SALE-00037,2024-01-23,2024,1,Winter,CUST-0035,PRD-0001,Basic T-Shirt,Tops,1,26.93,0.1,26.93,24.24,In-Store
SALE-00038,2024-01-24,2024,1,Winter,CUST-0072,PRD-0011,Basic Jeans,Bottoms,1,28.68,0.0,28.68,28.68,Mobile App
SALE-00039,2024-01-24,2024,1,Winter,CUST-0072,PRD-0063,Basic Belt,Accessories,1,20.59,0.1,20.59,18.53,Mobile App
SALE-00040,2024-01-25,2024,1,Winter,CUST-0059,PRD-0065,Basic Sunglasses,Accessories,1,14.3,0.0,14.3,14.3,Online
SALE-00041,2024-01-25,2024,1,Winter,CUST-0071,PRD-0061,Basic Beanie,Accessories,1,25.12,0.1,25.12,22.61,In-Store
SALE-00042,2024-01-26,2024,1,Winter,CUST-0049,PRD-0039,Basic Yoga Pants,Activewear,1,21.99,0.0,21.99,21.99,Online
SALE-00043,2024-01-26,2024,1,Winter,CUST-0011,PRD-0016,Premium Skirt,Bottoms,1,48.68,0.0,48.68,48.68,Online
SALE-00044,2024-01-26,2024,1,Winter,CUST-0066,PRD-0036,Premium Trench Coat,Outerwear,2,299.66,0.2,599.32,479.46,In-Store
SALE-00045,2024-01-27,2024,1,Winter,CUST-0064,PRD-0014,Premium Shorts,Bottoms,1,58.96,0.2,58.96,47.17,Online
SALE-00046,2024-01-27,2024,1,Winter,CUST-0056,PRD-0015,Basic Skirt,Bottoms,4,38.55,0.0,154.2,154.2,Online
SALE-00047,2024-01-28,2024,1,Winter,CUST-0052,PRD-0012,Premium Jeans,Bottoms,2,106.38,0.0,212.76,212.76,In-Store
SALE-00048,2024-01-28,2024,1,Winter,CUST-0015,PRD-0015,Basic Skirt,Bottoms,4,38.55,0.0,154.2,154.2,In-Store
SALE-00049,2024-01-29,2024,1,Winter,CUST-0034,PRD-0069,Basic Swim Trunks,Swimwear,1,22.04,0.0,22.04,22.04,Online
SALE-00050,2024-01-30,2024,1,Winter,CUST-0038,PRD-0062,Premium Beanie,Accessories,1,35.38,0.0,35.38,35.38,In-Store
SALE-00051,2024-01-30,2024,1,Winter,CUST-0024,PRD-0068,Premium Bikini,Swimwear,1,48.17,0.1,48.17,43.35,Mobile App
SALE-00052,2024-01-31,2024,1,Winter,CUST-0050,PRD-0010,Premium Crop Top,Tops,4,42.82,0.0,171.28,171.28,In-Store
SALE-00053,2024-01-31,2024,1,Winter,CUST-0008,PRD-0041,Basic Sports Bra,Activewear,4,46.62,0.1,186.48,167.83,In-Store
SALE-00054,2024-01-31,2024,1,Winter,CUST-0044,PRD-0010,Premium Crop Top,Tops,1,42.82,0.1,42.82,38.54,Online
SALE-00055,2024-01-31,2024,1,Winter,CUST-0035,PRD-0052,Premium Boots,Footwear,1,167.32,0.2,167.32,133.86,Online
SALE-00056,2024-02-02,2024,2,Winter,CUST-0073,PRD-0054,Premium Flip Flops,Footwear,1,150.32,0.0,150.32,150.32,In-Store
SALE-00057,2024-02-02,2024,2,Winter,CUST-0073,PRD-0044,Premium Running Shorts,Activewear,4,64.76,0.1,259.04,233.14,Online
SALE-00058,2024-02-02,2024,2,Winter,CUST-0021,PRD-0064,Premium Belt,Accessories,1,52.98,0.1,52.98,47.68,In-Store
SALE-00059,2024-02-02,2024,2,Winter,CUST-0053,PRD-0049,Basic Sneakers,Footwear,3,117.43,0.0,352.29,352.29,In-Store
SALE-00060,2024-02-03,2024,2,Winter,CUST-0005,PRD-0052,Premium Boots,Footwear,4,167.32,0.0,669.28,669.28,Online
SALE-00061,2024-02-04,2024,2,Winter,CUST-0040,PRD-0066,Premium Sunglasses,Accessories,1,31.97,0.1,31.97,28.77,In-Store
SALE-00062,2024-02-04,2024,2,Winter,CUST-0052,PRD-0041,Basic Sports Bra,Activewear,1,46.62,0.0,46.62,46.62,In-Store
SALE-00063,2024-02-04,2024,2,Winter,CUST-0043,PRD-0065,Basic Sunglasses,Accessories,2,14.3,0.2,28.6,22.88,In-Store
SALE-00064,2024-02-05,2024,2,Winter,CUST-0002,PRD-0021,Basic Sundress,Dresses,2,91.82,0.0,183.64,183.64,Mobile App
SALE-00065,2024-02-05,2024,2,Winter,CUST-0021,PRD-0008,Premium Polo Shirt,Tops,2,37.93,0.2,75.86,60.69,Online
SALE-00066,2024-02-05,2024,2,Winter,CUST-0009,PRD-0043,Basic Running Shorts,Activewear,2,57.4,0.1,114.8,103.32,In-Store
SALE-00067,2024-02-07,2024,2,Winter,CUST-0010,PRD-0048,Premium Sandals,Footwear,1,87.64,0.1,87.64,78.88,In-Store
SALE-00068,2024-02-07,2024,2,Winter,CUST-0028,PRD-0050,Premium Sneakers,Footwear,4,70.35,0.2,281.4,225.12,In-Store
SALE-00069,2024-02-07,2024,2,Winter,CUST-0006,PRD-0057,Basic Sun Hat,Accessories,3,22.55,0.0,67.65,67.65,In-Store
SALE-00070,2024-02-08,2024,2,Winter,CUST-0078,PRD-0006,Premium Tank Top,Tops,2,44.5,0.1,89.0,80.1,In-Store
SALE-00071,2024-02-09,2024,2,Winter,CUST-0070,PRD-0043,Basic Running Shorts,Activewear,4,57.4,0.0,229.6,229.6,Mobile App
SALE-00072,2024-02-10,2024,2,Winter,CUST-0035,PRD-0051,Basic Boots,Footwear,1,82.09,0.2,82.09,65.67,Mobile App
SALE-00073,2024-02-10,2024,2,Winter,CUST-0017,PRD-0041,Basic Sports Bra,Activewear,1,46.62,0.2,46.62,37.3,Online
SALE-00074,2024-02-10,2024,2,Winter,CUST-0017,PRD-0022,Premium Sundress,Dresses,1,50.32,0.1,50.32,45.29,In-Store
SALE-00075,2024-02-11,2024,2,Winter,CUST-0039,PRD-0042,Premium Sports Bra,Activewear,3,73.12,0.0,219.36,219.36,Online
SALE-00076,2024-02-13,2024,2,Winter,CUST-0043,PRD-0054,Premium Flip Flops,Footwear,1,150.32,0.0,150.32,150.32,In-Store
SALE-00077,2024-02-13,2024,2,Winter,CUST-0077,PRD-0053,Basic Flip Flops,Footwear,1,120.55,0.0,120.55,120.55,Online
SALE-00078,2024-02-14,2024,2,Winter,CUST-0002,PRD-0059,Basic Scarf,Accessories,1,28.16,0.0,28.16,28.16,Online
SALE-00079,2024-02-14,2024,2,Winter,CUST-0065,PRD-0012,Premium Jeans,Bottoms,1,106.38,0.1,106.38,95.74,Online
SALE-00080,2024-02-16,2024,2,Winter,CUST-0076,PRD-0061,Basic Beanie,Accessories,1,25.12,0.0,25.12,25.12,In-Store
SALE-00081,2024-02-16,2024,2,Winter,CUST-0023,PRD-0059,Basic Scarf,Accessories,4,28.16,0.0,112.64,112.64,In-Store
SALE-00082,2024-02-17,2024,2,Winter,CUST-0078,PRD-0012,Premium Jeans,Bottoms,2,106.38,0.1,212.76,191.48,Online
SALE-00083,2024-02-18,2024,2,Winter,CUST-0038,PRD-0020,Premium Leggings,Bottoms,2,38.24,0.0,76.48,76.48,Online
SALE-00084,2024-02-19,2024,2,Winter,CUST-0009,PRD-0002,Premium T-Shirt,Tops,3,25.33,0.1,75.99,68.39,Online
SALE-00085,2024-02-19,2024,2,Winter,CUST-0055,PRD-0059,Basic Scarf,Accessories,1,28.16,0.0,28.16,28.16,In-Store
SALE-00086,2024-02-19,2024,2,Winter,CUST-0059,PRD-0063,Basic Belt,Accessories,4,20.59,0.0,82.36,82.36,Online
SALE-00087,2024-02-20,2024,2,Winter,CUST-0005,PRD-0058,Premium Sun Hat,Accessories,1,46.9,0.1,46.9,42.21,Online
SALE-00088,2024-02-20,2024,2,Winter,CUST-0027,PRD-0058,Premium Sun Hat,Accessories,1,46.9,0.0,46.9,46.9,Online
SALE-00089,2024-02-20,2024,2,Winter,CUST-0073,PRD-0046,Premium Track Jacket,Activewear,3,49.41,0.0,148.23,148.23,Online
SALE-00090,2024-02-20,2024,2,Winter,CUST-0035,PRD-0031,Basic Denim Jacket,Outerwear,1,206.78,0.0,206.78,206.78,In-Store
SALE-00091,2024-02-20,2024,2,Winter,CUST-0079,PRD-0013,Basic Shorts,Bottoms,4,29.02,0.0,116.08,116.08,Mobile App
SALE-00092,2024-02-21,2024,2,Winter,CUST-0006,PRD-0008,Premium Polo Shirt,Tops,1,37.93,0.0,37.93,37.93,Online
SALE-00093,2024-02-21,2024,2,Winter,CUST-0057,PRD-0055,Basic Loafers,Footwear,1,120.3,0.0,120.3,120.3,Online
SALE-00094,2024-02-21,2024,2,Winter,CUST-0038,PRD-0040,Premium Yoga Pants,Activewear,1,82.02,0.2,82.02,65.62,In-Store
SALE-00095,2024-02-23,2024,2,Winter,CUST-0017,PRD-0007,Basic Polo Shirt,Tops,1,29.13,0.0,29.13,29.13,Online
SALE-00096,2024-02-23,2024,2,Winter,CUST-0005,PRD-0016,Premium Skirt,Bottoms,2,48.68,0.0,97.36,97.36,In-Store
SALE-00097,2024-02-23,2024,2,Winter,CUST-0027,PRD-0064,Premium Belt,Accessories,4,52.98,0.1,211.92,190.73,In-Store
SALE-00098,2024-02-24,2024,2,Winter,CUST-0019,PRD-0015,Basic Skirt,Bottoms,3,38.55,0.0,115.65,115.65,In-Store
SALE-00099,2024-02-24,2024,2,Winter,CUST-0042,PRD-0053,Basic Flip Flops,Footwear,2,120.55,0.0,241.1,241.1,Online
SALE-00100,2024-02-24,2024,2,Winter,CUST-0035,PRD-0011,Basic Jeans,Bottoms,3,28.68,0.0,86.04,86.04,In-Store
SALE-00101,2024-02-25,2024,2,Winter,CUST-0044,PRD-0018,Premium Trousers,Bottoms,2,65.4,0.2,130.8,104.64,Online
SALE-00102,2024-02-26,2024,2,Winter,CUST-0072,PRD-0009,Basic Crop Top,Tops,2,22.4,0.2,44.8,35.84,Online
SALE-00103,2024-02-26,2024,2,Winter,CUST-0015,PRD-0004,Premium Blouse,Tops,1,61.37,0.0,61.37,61.37,Mobile App
SALE-00104,2024-02-26,2024,2,Winter,CUST-0021,PRD-0052,Premium Boots,Footwear,3,167.32,0.1,501.96,451.76,Online
SALE-00105,2024-02-29,2024,2,Winter,CUST-0055,PRD-0036,Premium Trench Coat,Outerwear,1,299.66,0.0,299.66,299.66,In-Store
SALE-00106,2024-03-01,2024,3,Spring,CUST-0075,PRD-0062,Premium Beanie,Accessories,2,35.38,0.0,70.76,70.76,In-Store
SALE-00107,2024-03-01,2024,3,Spring,CUST-0020,PRD-0047,Basic Sandals,Footwear,2,111.68,0.0,223.36,223.36,Online
SALE-00108,2024-03-01,2024,3,Spring,CUST-0030,PRD-0020,Premium Leggings,Bottoms,1,38.24,0.2,38.24,30.59,Online
SALE-00109,2024-03-02,2024,3,Spring,CUST-0018,PRD-0001,Basic T-Shirt,Tops,1,26.93,0.0,26.93,26.93,Mobile App
SALE-00110,2024-03-02,2024,3,Spring,CUST-0007,PRD-0041,Basic Sports Bra,Activewear,1,46.62,0.0,46.62,46.62,In-Store
SALE-00111,2024-03-04,2024,3,Spring,CUST-0044,PRD-0015,Basic Skirt,Bottoms,2,38.55,0.0,77.1,77.1,In-Store
SALE-00112,2024-03-04,2024,3,Spring,CUST-0041,PRD-0052,Premium Boots,Footwear,3,167.32,0.0,501.96,501.96,Online
SALE-00113,2024-03-05,2024,3,Spring,CUST-0073,PRD-0016,Premium Skirt,Bottoms,1,48.68,0.1,48.68,43.81,Online
SALE-00114,2024-03-05,2024,3,Spring,CUST-0062,PRD-0053,Basic Flip Flops,Footwear,1,120.55,0.2,120.55,96.44,Online
SALE-00115,2024-03-05,2024,3,Spring,CUST-0030,PRD-0012,Premium Jeans,Bottoms,1,106.38,0.0,106.38,106.38,In-Store
SALE-00116,2024-03-06,2024,3,Spring,CUST-0048,PRD-0003,Basic Blouse,Tops,2,22.01,0.0,44.02,44.02,Online
SALE-00117,2024-03-06,2024,3,Spring,CUST-0001,PRD-0021,Basic Sundress,Dresses,2,91.82,0.0,183.64,183.64,Online
SALE-00118,2024-03-07,2024,3,Spring,CUST-0075,PRD-0024,Premium Maxi Dress,Dresses,1,139.05,0.0,139.05,139.05,Mobile App
SALE-00119,2024-03-08,2024,3,Spring,CUST-0061,PRD-0018,Premium Trousers,Bottoms,1,65.4,0.0,65.4,65.4,Mobile App
SALE-00120,2024-03-08,2024,3,Spring,CUST-0021,PRD-0001,Basic T-Shirt,Tops,1,26.93,0.1,26.93,24.24,Online
SALE-00121,2024-03-10,2024,3,Spring,CUST-0023,PRD-0028,Premium Wrap Dress,Dresses,1,68.7,0.0,68.7,68.7,Online
SALE-00122,2024-03-11,2024,3,Spring,CUST-0051,PRD-0047,Basic Sandals,Footwear,1,111.68,0.0,111.68,111.68,Mobile App
SALE-00123,2024-03-12,2024,3,Spring,CUST-0071,PRD-0059,Basic Scarf,Accessories,2,28.16,0.1,56.32,50.69,In-Store
SALE-00124,2024-03-13,2024,3,Spring,CUST-0020,PRD-0048,Premium Sandals,Footwear,4,87.64,0.0,350.56,350.56,In-Store
SALE-00125,2024-03-14,2024,3,Spring,CUST-0030,PRD-0043,Basic Running Shorts,Activewear,3,57.4,0.0,172.2,172.2,Mobile App
SALE-00126,2024-03-14,2024,3,Spring,CUST-0038,PRD-0050,Premium Sneakers,Footwear,1,70.35,0.0,70.35,70.35,In-Store
SALE-00127,2024-03-15,2024,3,Spring,CUST-0045,PRD-0048,Premium Sandals,Footwear,3,87.64,0.1,262.92,236.63,In-Store
SALE-00128,2024-03-16,2024,3,Spring,CUST-0066,PRD-0052,Premium Boots,Footwear,2,167.32,0.1,334.64,301.18,Online
SALE-00129,2024-03-16,2024,3,Spring,CUST-0021,PRD-0056,Premium Loafers,Footwear,1,84.75,0.0,84.75,84.75,Mobile App
SALE-00130,2024-03-16,2024,3,Spring,CUST-0060,PRD-0054,Premium Flip Flops,Footwear,3,150.32,0.1,450.96,405.86,In-Store
SALE-00131,2024-03-17,2024,3,Spring,CUST-0034,PRD-0067,Basic Bikini,Swimwear,1,31.73,0.0,31.73,31.73,In-Store
SALE-00132,2024-03-18,2024,3,Spring,CUST-0012,PRD-0034,Premium Puffer Jacket,Outerwear,2,115.0,0.0,230.0,230.0,In-Store
SALE-00133,2024-03-18,2024,3,Spring,CUST-0021,PRD-0059,Basic Scarf,Accessories,1,28.16,0.1,28.16,25.34,Mobile App
SALE-00134,2024-03-19,2024,3,Spring,CUST-0062,PRD-0062,Premium Beanie,Accessories,2,35.38,0.1,70.76,63.68,In-Store
SALE-00135,2024-03-19,2024,3,Spring,CUST-0052,PRD-0016,Premium Skirt,Bottoms,2,48.68,0.1,97.36,87.62,In-Store
SALE-00136,2024-03-19,2024,3,Spring,CUST-0012,PRD-0064,Premium Belt,Accessories,1,52.98,0.0,52.98,52.98,Online
SALE-00137,2024-03-19,2024,3,Spring,CUST-0047,PRD-0026,Premium Cocktail Dress,Dresses,2,118.94,0.0,237.88,237.88,In-Store
SALE-00138,2024-03-20,2024,3,Spring,CUST-0032,PRD-0013,Basic Shorts,Bottoms,1,29.02,0.0,29.02,29.02,Online
SALE-00139,2024-03-20,2024,3,Spring,CUST-0012,PRD-0001,Basic T-Shirt,Tops,3,26.93,0.0,80.79,80.79,Mobile App
SALE-00140,2024-03-21,2024,3,Spring,CUST-0067,PRD-0005,Basic Tank Top,Tops,4,39.45,0.2,157.8,126.24,Online
SALE-00141,2024-03-22,2024,3,Spring,CUST-0079,PRD-0052,Premium Boots,Footwear,2,167.32,0.0,334.64,334.64,Online
SALE-00142,2024-03-22,2024,3,Spring,CUST-0003,PRD-0060,Premium Scarf,Accessories,1,20.13,0.2,20.13,16.1,Online
SALE-00143,2024-03-22,2024,3,Spring,CUST-0069,PRD-0048,Premium Sandals,Footwear,2,87.64,0.0,175.28,175.28,In-Store
SALE-00144,2024-03-23,2024,3,Spring,CUST-0041,PRD-0047,Basic Sandals,Footwear,2,111.68,0.1,223.36,201.02,In-Store
SALE-00145,2024-03-23,2024,3,Spring,CUST-0053,PRD-0009,Basic Crop Top,Tops,1,22.4,0.0,22.4,22.4,Online
SALE-00146,2024-03-23,2024,3,Spring,CUST-0010,PRD-0001,Basic T-Shirt,Tops,4,26.93,0.0,107.72,107.72,In-Store
SALE-00147,2024-03-24,2024,3,Spring,CUST-0056,PRD-0041,Basic Sports Bra,Activewear,1,46.62,0.0,46.62,46.62,Mobile App
SALE-00148,2024-03-25,2024,3,Spring,CUST-0029,PRD-0031,Basic Denim Jacket,Outerwear,2,206.78,0.0,413.56,413.56,In-Store
SALE-00149,2024-03-25,2024,3,Spring,CUST-0030,PRD-0061,Basic Beanie,Accessories,4,25.12,0.1,100.48,90.43,In-Store
SALE-00150,2024-03-25,2024,3,Spring,CUST-0008,PRD-0007,Basic Polo Shirt,Tops,2,29.13,0.0,58.26,58.26,In-Store
SALE-00151,2024-03-26,2024,3,Spring,CUST-0048,PRD-0005,Basic Tank Top,Tops,1,39.45,0.0,39.45,39.45,In-Store
SALE-00152,2024-03-26,2024,3,Spring,CUST-0045,PRD-0056,Premium Loafers,Footwear,1,84.75,0.0,84.75,84.75,In-Store
SALE-00153,2024-03-26,2024,3,Spring,CUST-0021,PRD-0052,Premium Boots,Footwear,1,167.32,0.0,167.32,167.32,In-Store
SALE-00154,2024-03-27,2024,3,Spring,CUST-0023,PRD-0038,Premium Cardigan,Outerwear,1,206.33,0.1,206.33,185.7,Online
SALE-00155,2024-03-27,2024,3,Spring,CUST-0013,PRD-0040,Premium Yoga Pants,Activewear,3,82.02,0.0,246.06,246.06,In-Store
SALE-00156,2024-03-27,2024,3,Spring,CUST-0070,PRD-0059,Basic Scarf,Accessories,1,28.16,0.0,28.16,28.16,In-Store
SALE-00157,2024-03-28,2024,3,Spring,CUST-0025,PRD-0002,Premium T-Shirt,Tops,2,25.33,0.0,50.66,50.66,Mobile App
SALE-00158,2024-03-29,2024,3,Spring,CUST-0044,PRD-0008,Premium Polo Shirt,Tops,1,37.93,0.1,37.93,34.14,Online
SALE-00159,2024-03-30,2024,3,Spring,CUST-0067,PRD-0042,Premium Sports Bra,Activewear,2,73.12,0.1,146.24,131.62,Online
SALE-00160,2024-03-31,2024,3,Spring,CUST-0018,PRD-0061,Basic Beanie,Accessories,2,25.12,0.0,50.24,50.24,In-Store
SALE-00161,2024-03-31,2024,3,Spring,CUST-0023,PRD-0041,Basic Sports Bra,Activewear,1,46.62,0.1,46.62,41.96,Mobile App
SALE-00162,2024-03-31,2024,3,Spring,CUST-0010,PRD-0006,Premium Tank Top,Tops,1,44.5,0.1,44.5,40.05,Online
SALE-00163,2024-03-31,2024,3,Spring,CUST-0005,PRD-0050,Premium Sneakers,Footwear,2,70.35,0.0,140.7,140.7,In-Store
SALE-00164,2024-04-01,2024,4,Spring,CUST-0050,PRD-0025,Basic Cocktail Dress,Dresses,2,95.42,0.0,190.84,190.84,Online
SALE-00165,2024-04-01,2024,4,Spring,CUST-0005,PRD-0013,Basic Shorts,Bottoms,2,29.02,0.0,58.04,58.04,In-Store
SALE-00166,2024-04-01,2024,4,Spring,CUST-0001,PRD-0072,Premium One-Piece Swimsuit,Swimwear,1,104.99,0.1,104.99,94.49,Online
SALE-00167,2024-04-02,2024,4,Spring,CUST-0017,PRD-0059,Basic Scarf,Accessories,1,28.16,0.0,28.16,28.16,In-Store
SALE-00168,2024-04-03,2024,4,Spring,CUST-0069,PRD-0039,Basic Yoga Pants,Activewear,1,21.99,0.0,21.99,21.99,Online
SALE-00169,2024-04-03,2024,4,Spring,CUST-0030,PRD-0015,Basic Skirt,Bottoms,2,38.55,0.0,77.1,77.1,In-Store
SALE-00170,2024-04-04,2024,4,Spring,CUST-0020,PRD-0022,Premium Sundress,Dresses,4,50.32,0.0,201.28,201.28,Mobile App
SALE-00171,2024-04-04,2024,4,Spring,CUST-0001,PRD-0052,Premium Boots,Footwear,2,167.32,0.0,334.64,334.64,Mobile App
SALE-00172,2024-04-05,2024,4,Spring,CUST-0070,PRD-0055,Basic Loafers,Footwear,1,120.3,0.1,120.3,108.27,In-Store
SALE-00173,2024-04-05,2024,4,Spring,CUST-0003,PRD-0022,Premium Sundress,Dresses,1,50.32,0.1,50.32,45.29,Mobile App
SALE-00174,2024-04-05,2024,4,Spring,CUST-0042,PRD-0040,Premium Yoga Pants,Activewear,1,82.02,0.0,82.02,82.02,Online
SALE-00175,2024-04-06,2024,4,Spring,CUST-0003,PRD-0012,Premium Jeans,Bottoms,1,106.38,0.1,106.38,95.74,In-Store
SALE-00176,2024-04-06,2024,4,Spring,CUST-0022,PRD-0057,Basic Sun Hat,Accessories,1,22.55,0.0,22.55,22.55,In-Store
SALE-00177,2024-04-07,2024,4,Spring,CUST-0021,PRD-0034,Premium Puffer Jacket,Outerwear,1,115.0,0.0,115.0,115.0,Online
SALE-00178,2024-04-08,2024,4,Spring,CUST-0069,PRD-0061,Basic Beanie,Accessories,2,25.12,0.0,50.24,50.24,In-Store
SALE-00179,2024-04-08,2024,4,Spring,CUST-0033,PRD-0002,Premium T-Shirt,Tops,1,25.33,0.1,25.33,22.8,Mobile App
SALE-00180,2024-04-09,2024,4,Spring,CUST-0030,PRD-0009,Basic Crop Top,Tops,1,22.4,0.1,22.4,20.16,In-Store
SALE-00181,2024-04-10,2024,4,Spring,CUST-0031,PRD-0032,Premium Denim Jacket,Outerwear,3,176.16,0.1,528.48,475.63,Online
SALE-00182,2024-04-10,2024,4,Spring,CUST-0079,PRD-0009,Basic Crop Top,Tops,2,22.4,0.0,44.8,44.8,In-Store
SALE-00183,2024-04-11,2024,4,Spring,CUST-0041,PRD-0064,Premium Belt,Accessories,1,52.98,0.1,52.98,47.68,In-Store
SALE-00184,2024-04-11,2024,4,Spring,CUST-0042,PRD-0041,Basic Sports Bra,Activewear,1,46.62,0.0,46.62,46.62,In-Store
SALE-00185,2024-04-12,2024,4,Spring,CUST-0078,PRD-0064,Premium Belt,Accessories,1,52.98,0.0,52.98,52.98,In-Store
SALE-00186,2024-04-12,2024,4,Spring,CUST-0076,PRD-0065,Basic Sunglasses,Accessories,1,14.3,0.0,14.3,14.3,In-Store
SALE-00187,2024-04-13,2024,4,Spring,CUST-0077,PRD-0023,Basic Maxi Dress,Dresses,2,59.74,0.1,119.48,107.53,In-Store
SALE-00188,2024-04-14,2024,4,Spring,CUST-0033,PRD-0011,Basic Jeans,Bottoms,1,28.68,0.0,28.68,28.68,In-Store
SALE-00189,2024-04-14,2024,4,Spring,CUST-0011,PRD-0069,Basic Swim Trunks,Swimwear,3,22.04,0.0,66.12,66.12,In-Store
SALE-00190,2024-04-14,2024,4,Spring,CUST-0004,PRD-0013,Basic Shorts,Bottoms,1,29.02,0.0,29.02,29.02,Online
SALE-00191,2024-04-14,2024,4,Spring,CUST-0034,PRD-0010,Premium Crop Top,Tops,2,42.82,0.0,85.64,85.64,In-Store
SALE-00192,2024-04-15,2024,4,Spring,CUST-0048,PRD-0039,Basic Yoga Pants,Activewear,2,21.99,0.0,43.98,43.98,Online
SALE-00193,2024-04-15,2024,4,Spring,CUST-0003,PRD-0061,Basic Beanie,Accessories,1,25.12,0.1,25.12,22.61,In-Store
SALE-00194,2024-04-16,2024,4,Spring,CUST-0061,PRD-0024,Premium Maxi Dress,Dresses,4,139.05,0.1,556.2,500.58,In-Store
SALE-00195,2024-04-16,2024,4,Spring,CUST-0042,PRD-0020,Premium Leggings,Bottoms,2,38.24,0.0,76.48,76.48,In-Store
SALE-00196,2024-04-16,2024,4,Spring,CUST-0037,PRD-0010,Premium Crop Top,Tops,2,42.82,0.0,85.64,85.64,In-Store
SALE-00197,2024-04-17,2024,4,Spring,CUST-0039,PRD-0045,Basic Track Jacket,Activewear,2,54.66,0.1,109.32,98.39,Online
SALE-00198,2024-04-17,2024,4,Spring,CUST-0036,PRD-0038,Premium Cardigan,Outerwear,1,206.33,0.0,206.33,206.33,Mobile App
SALE-00199,2024-04-18,2024,4,Spring,CUST-0034,PRD-0029,Basic Winter Coat,Outerwear,2,106.95,0.0,213.9,213.9,In-Store
SALE-00200,2024-04-19,2024,4,Spring,CUST-0030,PRD-0064,Premium Belt,Accessories,2,52.98,0.0,105.96,105.96,Online
SALE-00201,2024-04-19,2024,4,Spring,CUST-0075,PRD-0053,Basic Flip Flops,Footwear,3,120.55,0.1,361.65,325.48,Online
SALE-00202,2024-04-21,2024,4,Spring,CUST-0036,PRD-0014,Premium Shorts,Bottoms,2,58.96,0.0,117.92,117.92,Online
SALE-00203,2024-04-21,2024,4,Spring,CUST-0048,PRD-0046,Premium Track Jacket,Activewear,2,49.41,0.0,98.82,98.82,In-Store
SALE-00204,2024-04-21,2024,4,Spring,CUST-0049,PRD-0001,Basic T-Shirt,Tops,1,26.93,0.1,26.93,24.24,In-Store
SALE-00205,2024-04-22,2024,4,Spring,CUST-0070,PRD-0004,Premium Blouse,Tops,1,61.37,0.0,61.37,61.37,In-Store
SALE-00206,2024-04-22,2024,4,Spring,CUST-0080,PRD-0011,Basic Jeans,Bottoms,1,28.68,0.1,28.68,25.81,In-Store
SALE-00207,2024-04-22,2024,4,Spring,CUST-0070,PRD-0045,Basic Track Jacket,Activewear,2,54.66,0.2,109.32,87.46,In-Store
SALE-00208,2024-04-23,2024,4,Spring,CUST-0039,PRD-0036,Premium Trench Coat,Outerwear,1,299.66,0.0,299.66,299.66,Mobile App
SALE-00209,2024-04-23,2024,4,Spring,CUST-0065,PRD-0045,Basic Track Jacket,Activewear,2,54.66,0.2,109.32,87.46,Mobile App
SALE-00210,2024-04-23,2024,4,Spring,CUST-0004,PRD-0001,Basic T-Shirt,Tops,2,26.93,0.0,53.86,53.86,Mobile App
SALE-00211,2024-04-24,2024,4,Spring,CUST-0028,PRD-0041,Basic Sports Bra,Activewear,1,46.62,0.2,46.62,37.3,Online
SALE-00212,2024-04-24,2024,4,Spring,CUST-0035,PRD-0071,Basic One-Piece Swimsuit,Swimwear,2,29.51,0.0,59.02,59.02,In-Store
SALE-00213,2024-04-24,2024,4,Spring,CUST-0019,PRD-0020,Premium Leggings,Bottoms,3,38.24,0.0,114.72,114.72,In-Store
SALE-00214,2024-04-24,2024,4,Spring,CUST-0068,PRD-0006,Premium Tank Top,Tops,1,44.5,0.0,44.5,44.5,Online
SALE-00215,2024-04-24,2024,4,Spring,CUST-0039,PRD-0017,Basic Trousers,Bottoms,1,79.19,0.0,79.19,79.19,Online
SALE-00216,2024-04-24,2024,4,Spring,CUST-0051,PRD-0064,Premium Belt,Accessories,2,52.98,0.0,105.96,105.96,Mobile App
SALE-00217,2024-04-25,2024,4,Spring,CUST-0023,PRD-0014,Premium Shorts,Bottoms,1,58.96,0.0,58.96,58.96,Mobile App
SALE-00218,2024-04-26,2024,4,Spring,CUST-0044,PRD-0061,Basic Beanie,Accessories,1,25.12,0.1,25.12,22.61,Online
SALE-00219,2024-04-26,2024,4,Spring,CUST-0044,PRD-0046,Premium Track Jacket,Activewear,1,49.41,0.0,49.41,49.41,Online
SALE-00220,2024-04-27,2024,4,Spring,CUST-0007,PRD-0063,Basic Belt,Accessories,3,20.59,0.0,61.77,61.77,In-Store
SALE-00221,2024-04-28,2024,4,Spring,CUST-0066,PRD-0045,Basic Track Jacket,Activewear,2,54.66,0.0,109.32,109.32,Online
SALE-00222,2024-04-28,2024,4,Spring,CUST-0022,PRD-0035,Basic Trench Coat,Outerwear,1,154.38,0.1,154.38,138.94,In-Store
SALE-00223,2024-04-29,2024,4,Spring,CUST-0015,PRD-0024,Premium Maxi Dress,Dresses,1,139.05,0.2,139.05,111.24,Online
SALE-00224,2024-04-29,2024,4,Spring,CUST-0046,PRD-0020,Premium Leggings,Bottoms,1,38.24,0.1,38.24,34.42,Online
SALE-00225,2024-04-30,2024,4,Spring,CUST-0023,PRD-0057,Basic Sun Hat,Accessories,3,22.55,0.0,67.65,67.65,Online
SALE-00226,2024-05-02,2024,5,Spring,CUST-0067,PRD-0023,Basic Maxi Dress,Dresses,2,59.74,0.1,119.48,107.53,In-Store
SALE-00227,2024-05-02,2024,5,Spring,CUST-0018,PRD-0005,Basic Tank Top,Tops,2,39.45,0.0,78.9,78.9,Online
SALE-00228,2024-05-03,2024,5,Spring,CUST-0032,PRD-0007,Basic Polo Shirt,Tops,1,29.13,0.2,29.13,23.3,Online
SALE-00229,2024-05-03,2024,5,Spring,CUST-0028,PRD-0050,Premium Sneakers,Footwear,1,70.35,0.0,70.35,70.35,In-Store
SALE-00230,2024-05-03,2024,5,Spring,CUST-0057,PRD-0010,Premium Crop Top,Tops,1,42.82,0.0,42.82,42.82,Mobile App
SALE-00231,2024-05-05,2024,5,Spring,CUST-0075,PRD-0052,Premium Boots,Footwear,1,167.32,0.1,167.32,150.59,In-Store
SALE-00232,2024-05-05,2024,5,Spring,CUST-0013,PRD-0029,Basic Winter Coat,Outerwear,1,106.95,0.0,106.95,106.95,Mobile App
SALE-00233,2024-05-05,2024,5,Spring,CUST-0005,PRD-0030,Premium Winter Coat,Outerwear,1,191.36,0.0,191.36,191.36,In-Store
SALE-00234,2024-05-05,2024,5,Spring,CUST-0009,PRD-0014,Premium Shorts,Bottoms,2,58.96,0.0,117.92,117.92,In-Store
SALE-00235,2024-05-05,2024,5,Spring,CUST-0039,PRD-0029,Basic Winter Coat,Outerwear,1,106.95,0.0,106.95,106.95,In-Store
SALE-00236,2024-05-05,2024,5,Spring,CUST-0072,PRD-0042,Premium Sports Bra,Activewear,1,73.12,0.0,73.12,73.12,Mobile App
SALE-00237,2024-05-06,2024,5,Spring,CUST-0072,PRD-0003,Basic Blouse,Tops,2,22.01,0.0,44.02,44.02,Mobile App
SALE-00238,2024-05-06,2024,5,Spring,CUST-0048,PRD-0005,Basic Tank Top,Tops,2,39.45,0.1,78.9,71.01,Online
SALE-00239,2024-05-08,2024,5,Spring,CUST-0016,PRD-0032,Premium Denim Jacket,Outerwear,1,176.16,0.0,176.16,176.16,Mobile App
SALE-00240,2024-05-08,2024,5,Spring,CUST-0038,PRD-0065,Basic Sunglasses,Accessories,1,14.3,0.1,14.3,12.87,In-Store
SALE-00241,2024-05-08,2024,5,Spring,CUST-0050,PRD-0039,Basic Yoga Pants,Activewear,2,21.99,0.1,43.98,39.58,In-Store
SALE-00242,2024-05-09,2024,5,Spring,CUST-0022,PRD-0029,Basic Winter Coat,Outerwear,1,106.95,0.0,106.95,106.95,In-Store
SALE-00243,2024-05-09,2024,5,Spring,CUST-0022,PRD-0014,Premium Shorts,Bottoms,1,58.96,0.1,58.96,53.06,Online
SALE-00244,2024-05-10,2024,5,Spring,CUST-0058,PRD-0001,Basic T-Shirt,Tops,2,26.93,0.0,53.86,53.86,In-Store
SALE-00245,2024-05-10,2024,5,Spring,CUST-0060,PRD-0054,Premium Flip Flops,Footwear,1,150.32,0.0,150.32,150.32,In-Store
SALE-00246,2024-05-11,2024,5,Spring,CUST-0050,PRD-0039,Basic Yoga Pants,Activewear,1,21.99,0.0,21.99,21.99,Online
SALE-00247,2024-05-11,2024,5,Spring,CUST-0078,PRD-0005,Basic Tank Top,Tops,2,39.45,0.0,78.9,78.9,In-Store
SALE-00248,2024-05-12,2024,5,Spring,CUST-0050,PRD-0037,Basic Cardigan,Outerwear,1,176.88,0.0,176.88,176.88,In-Store
SALE-00249,2024-05-12,2024,5,Spring,CUST-0006,PRD-0018,Premium Trousers,Bottoms,2,65.4,0.0,130.8,130.8,In-Store
SALE-00250,2024-05-13,2024,5,Spring,CUST-0010,PRD-0051,Basic Boots,Footwear,3,82.09,0.1,246.27,221.64,Mobile App
SALE-00251,2024-05-13,2024,5,Spring,CUST-0029,PRD-0060,Premium Scarf,Accessories,3,20.13,0.1,60.39,54.35,Mobile App
SALE-00252,2024-05-14,2024,5,Spring,CUST-0058,PRD-0040,Premium Yoga Pants,Activewear,1,82.02,0.0,82.02,82.02,Online
SALE-00253,2024-05-15,2024,5,Spring,CUST-0043,PRD-0030,Premium Winter Coat,Outerwear,2,191.36,0.2,382.72,306.18,Mobile App
SALE-00254,2024-05-15,2024,5,Spring,CUST-0068,PRD-0046,Premium Track Jacket,Activewear,2,49.41,0.0,98.82,98.82,In-Store
SALE-00255,2024-05-15,2024,5,Spring,CUST-0011,PRD-0031,Basic Denim Jacket,Outerwear,1,206.78,0.0,206.78,206.78,In-Store
SALE-00256,2024-05-15,2024,5,Spring,CUST-0027,PRD-0060,Premium Scarf,Accessories,3,20.13,0.1,60.39,54.35,Mobile App
SALE-00257,2024-05-15,2024,5,Spring,CUST-0003,PRD-0012,Premium Jeans,Bottoms,1,106.38,0.0,106.38,106.38,In-Store
SALE-00258,2024-05-16,2024,5,Spring,CUST-0060,PRD-0039,Basic Yoga Pants,Activewear,1,21.99,0.0,21.99,21.99,In-Store
SALE-00259,2024-05-16,2024,5,Spring,CUST-0078,PRD-0020,Premium Leggings,Bottoms,1,38.24,0.2,38.24,30.59,In-Store
SALE-00260,2024-05-17,2024,5,Spring,CUST-0001,PRD-0044,Premium Running Shorts,Activewear,2,64.76,0.1,129.52,116.57,In-Store
SALE-00261,2024-05-17,2024,5,Spring,CUST-0066,PRD-0063,Basic Belt,Accessories,1,20.59,0.2,20.59,16.47,In-Store
SALE-00262,2024-05-17,2024,5,Spring,CUST-0017,PRD-0034,Premium Puffer Jacket,Outerwear,1,115.0,0.0,115.0,115.0,In-Store
SALE-00263,2024-05-18,2024,5,Spring,CUST-0035,PRD-0004,Premium Blouse,Tops,1,61.37,0.0,61.37,61.37,Online
SALE-00264,2024-05-18,2024,5,Spring,CUST-0013,PRD-0044,Premium Running Shorts,Activewear,2,64.76,0.0,129.52,129.52,Online
SALE-00265,2024-05-19,2024,5,Spring,CUST-0004,PRD-0051,Basic Boots,Footwear,1,82.09,0.1,82.09,73.88,In-Store
SALE-00266,2024-05-19,2024,5,Spring,CUST-0048,PRD-0060,Premium Scarf,Accessories,3,20.13,0.0,60.39,60.39,Online
SALE-00267,2024-05-20,2024,5,Spring,CUST-0055,PRD-0036,Premium Trench Coat,Outerwear,2,299.66,0.0,599.32,599.32,Mobile App
SALE-00268,2024-05-20,2024,5,Spring,CUST-0028,PRD-0025,Basic Cocktail Dress,Dresses,1,95.42,0.0,95.42,95.42,In-Store
SALE-00269,2024-05-21,2024,5,Spring,CUST-0067,PRD-0068,Premium Bikini,Swimwear,4,48.17,0.0,192.68,192.68,In-Store
SALE-00270,2024-05-21,2024,5,Spring,CUST-0031,PRD-0012,Premium Jeans,Bottoms,2,106.38,0.0,212.76,212.76,Mobile App
SALE-00271,2024-05-22,2024,5,Spring,CUST-0001,PRD-0064,Premium Belt,Accessories,3,52.98,0.0,158.94,158.94,Online
SALE-00272,2024-05-22,2024,5,Spring,CUST-0037,PRD-0072,Premium One-Piece Swimsuit,Swimwear,3,104.99,0.1,314.97,283.47,Online
SALE-00273,2024-05-22,2024,5,Spring,CUST-0031,PRD-0039,Basic Yoga Pants,Activewear,3,21.99,0.1,65.97,59.37,In-Store
SALE-00274,2024-05-22,2024,5,Spring,CUST-0002,PRD-0018,Premium Trousers,Bottoms,1,65.4,0.0,65.4,65.4,Online
SALE-00275,2024-05-22,2024,5,Spring,CUST-0039,PRD-0006,Premium Tank Top,Tops,1,44.5,0.1,44.5,40.05,In-Store
SALE-00276,2024-05-23,2024,5,Spring,CUST-0024,PRD-0026,Premium Cocktail Dress,Dresses,1,118.94,0.0,118.94,118.94,In-Store
SALE-00277,2024-05-24,2024,5,Spring,CUST-0028,PRD-0040,Premium Yoga Pants,Activewear,1,82.02,0.0,82.02,82.02,In-Store
SALE-00278,2024-05-24,2024,5,Spring,CUST-0043,PRD-0057,Basic Sun Hat,Accessories,1,22.55,0.0,22.55,22.55,In-Store
SALE-00279,2024-05-25,2024,5,Spring,CUST-0006,PRD-0007,Basic Polo Shirt,Tops,2,29.13,0.0,58.26,58.26,Mobile App
SALE-00280,2024-05-25,2024,5,Spring,CUST-0005,PRD-0014,Premium Shorts,Bottoms,2,58.96,0.0,117.92,117.92,Online
SALE-00281,2024-05-26,2024,5,Spring,CUST-0070,PRD-0039,Basic Yoga Pants,Activewear,1,21.99,0.0,21.99,21.99,In-Store
SALE-00282,2024-05-26,2024,5,Spring,CUST-0018,PRD-0005,Basic Tank Top,Tops,1,39.45,0.2,39.45,31.56,In-Store
SALE-00283,2024-05-27,2024,5,Spring,CUST-0042,PRD-0060,Premium Scarf,Accessories,1,20.13,0.1,20.13,18.12,In-Store
SALE-00284,2024-05-28,2024,5,Spring,CUST-0002,PRD-0056,Premium Loafers,Footwear,1,84.75,0.1,84.75,76.28,Mobile App
SALE-00285,2024-05-28,2024,5,Spring,CUST-0051,PRD-0062,Premium Beanie,Accessories,2,35.38,0.0,70.76,70.76,Online
SALE-00286,2024-05-29,2024,5,Spring,CUST-0078,PRD-0025,Basic Cocktail Dress,Dresses,1,95.42,0.0,95.42,95.42,Mobile App
SALE-00287,2024-05-29,2024,5,Spring,CUST-0002,PRD-0048,Premium Sandals,Footwear,4,87.64,0.0,350.56,350.56,Online
SALE-00288,2024-05-31,2024,5,Spring,CUST-0032,PRD-0009,Basic Crop Top,Tops,1,22.4,0.0,22.4,22.4,Online
SALE-00289,2024-05-31,2024,5,Spring,CUST-0076,PRD-0049,Basic Sneakers,Footwear,4,117.43,0.0,469.72,469.72,Mobile App
SALE-00290,2024-05-31,2024,5,Spring,CUST-0047,PRD-0050,Premium Sneakers,Footwear,1,70.35,0.1,70.35,63.32,In-Store
SALE-00291,2024-06-01,2024,6,Summer,CUST-0038,PRD-0040,Premium Yoga Pants,Activewear,2,82.02,0.0,164.04,164.04,Mobile App
SALE-00292,2024-06-01,2024,6,Summer,CUST-0032,PRD-0058,Premium Sun Hat,Accessories,2,46.9,0.4,93.8,56.28,Online
SALE-00293,2024-06-03,2024,6,Summer,CUST-0054,PRD-0070,Premium Swim Trunks,Swimwear,1,98.82,0.1,98.82,88.94,In-Store
SALE-00294,2024-06-04,2024,6,Summer,CUST-0020,PRD-0005,Basic Tank Top,Tops,2,39.45,0.0,78.9,78.9,In-Store
SALE-00295,2024-06-05,2024,6,Summer,CUST-0032,PRD-0057,Basic Sun Hat,Accessories,1,22.55,0.1,22.55,20.3,Online
SALE-00296,2024-06-06,2024,6,Summer,CUST-0057,PRD-0008,Premium Polo Shirt,Tops,1,37.93,0.3,37.93,26.55,In-Store
SALE-00297,2024-06-06,2024,6,Summer,CUST-0029,PRD-0008,Premium Polo Shirt,Tops,2,37.93,0.0,75.86,75.86,Online
SALE-00298,2024-06-06,2024,6,Summer,CUST-0008,PRD-0050,Premium Sneakers,Footwear,1,70.35,0.3,70.35,49.24,Online
SALE-00299,2024-06-07,2024,6,Summer,CUST-0078,PRD-0009,Basic Crop Top,Tops,1,22.4,0.3,22.4,15.68,Online
SALE-00300,2024-06-08,2024,6,Summer,CUST-0074,PRD-0057,Basic Sun Hat,Accessories,1,22.55,0.1,22.55,20.3,Online
SALE-00301,2024-06-10,2024,6,Summer,CUST-0033,PRD-0035,Basic Trench Coat,Outerwear,2,154.38,0.1,308.76,277.88,Online
SALE-00302,2024-06-11,2024,6,Summer,CUST-0069,PRD-0069,Basic Swim Trunks,Swimwear,1,22.04,0.0,22.04,22.04,In-Store
SALE-00303,2024-06-11,2024,6,Summer,CUST-0077,PRD-0053,Basic Flip Flops,Footwear,1,120.55,0.0,120.55,120.55,Mobile App
SALE-00304,2024-06-12,2024,6,Summer,CUST-0080,PRD-0027,Basic Wrap Dress,Dresses,1,63.72,0.0,63.72,63.72,Mobile App
SALE-00305,2024-06-12,2024,6,Summer,CUST-0076,PRD-0019,Basic Leggings,Bottoms,3,79.88,0.2,239.64,191.71,Online
SALE-00306,2024-06-13,2024,6,Summer,CUST-0042,PRD-0008,Premium Polo Shirt,Tops,1,37.93,0.3,37.93,26.55,In-Store
SALE-00307,2024-06-14,2024,6,Summer,CUST-0037,PRD-0051,Basic Boots,Footwear,1,82.09,0.0,82.09,82.09,Online
SALE-00308,2024-06-15,2024,6,Summer,CUST-0066,PRD-0070,Premium Swim Trunks,Swimwear,1,98.82,0.3,98.82,69.17,Online
SALE-00309,2024-06-15,2024,6,Summer,CUST-0023,PRD-0058,Premium Sun Hat,Accessories,2,46.9,0.3,93.8,65.66,In-Store
SALE-00310,2024-06-16,2024,6,Summer,CUST-0079,PRD-0071,Basic One-Piece Swimsuit,Swimwear,2,29.51,0.0,59.02,59.02,In-Store
SALE-00311,2024-06-17,2024,6,Summer,CUST-0067,PRD-0026,Premium Cocktail Dress,Dresses,1,118.94,0.1,118.94,107.05,Online
SALE-00312,2024-06-17,2024,6,Summer,CUST-0019,PRD-0071,Basic One-Piece Swimsuit,Swimwear,1,29.51,0.0,29.51,29.51,In-Store
SALE-00313,2024-06-18,2024,6,Summer,CUST-0072,PRD-0059,Basic Scarf,Accessories,1,28.16,0.0,28.16,28.16,Mobile App
SALE-00314,2024-06-18,2024,6,Summer,CUST-0074,PRD-0066,Premium Sunglasses,Accessories,1,31.97,0.0,31.97,31.97,Mobile App
SALE-00315,2024-06-19,2024,6,Summer,CUST-0049,PRD-0011,Basic Jeans,Bottoms,1,28.68,0.0,28.68,28.68,Online
SALE-00316,2024-06-19,2024,6,Summer,CUST-0009,PRD-0023,Basic Maxi Dress,Dresses,2,59.74,0.0,119.48,119.48,Online
SALE-00317,2024-06-20,2024,6,Summer,CUST-0062,PRD-0071,Basic One-Piece Swimsuit,Swimwear,1,29.51,0.0,29.51,29.51,Mobile App
SALE-00318,2024-06-22,2024,6,Summer,CUST-0053,PRD-0066,Premium Sunglasses,Accessories,1,31.97,0.4,31.97,19.18,Online
SALE-00319,2024-06-23,2024,6,Summer,CUST-0057,PRD-0018,Premium Trousers,Bottoms,1,65.4,0.0,65.4,65.4,In-Store
SALE-00320,2024-06-23,2024,6,Summer,CUST-0023,PRD-0068,Premium Bikini,Swimwear,1,48.17,0.0,48.17,48.17,Online
SALE-00321,2024-06-25,2024,6,Summer,CUST-0059,PRD-0068,Premium Bikini,Swimwear,2,48.17,0.0,96.34,96.34,In-Store
SALE-00322,2024-06-26,2024,6,Summer,CUST-0053,PRD-0049,Basic Sneakers,Footwear,1,117.43,0.1,117.43,105.69,In-Store
SALE-00323,2024-06-27,2024,6,Summer,CUST-0049,PRD-0006,Premium Tank Top,Tops,3,44.5,0.0,133.5,133.5,In-Store
SALE-00324,2024-06-28,2024,6,Summer,CUST-0050,PRD-0040,Premium Yoga Pants,Activewear,2,82.02,0.3,164.04,114.83,In-Store
SALE-00325,2024-06-28,2024,6,Summer,CUST-0045,PRD-0047,Basic Sandals,Footwear,2,111.68,0.3,223.36,156.35,In-Store
SALE-00326,2024-06-28,2024,6,Summer,CUST-0051,PRD-0053,Basic Flip Flops,Footwear,1,120.55,0.0,120.55,120.55,In-Store
SALE-00327,2024-06-29,2024,6,Summer,CUST-0008,PRD-0005,Basic Tank Top,Tops,2,39.45,0.2,78.9,63.12,In-Store
SALE-00328,2024-06-30,2024,6,Summer,CUST-0078,PRD-0004,Premium Blouse,Tops,1,61.37,0.1,61.37,55.23,In-Store
SALE-00329,2024-06-30,2024,6,Summer,CUST-0009,PRD-0003,Basic Blouse,Tops,1,22.01,0.0,22.01,22.01,Online
SALE-00330,2024-06-30,2024,6,Summer,CUST-0072,PRD-0059,Basic Scarf,Accessories,1,28.16,0.0,28.16,28.16,In-Store
SALE-00331,2024-07-01,2024,7,Summer,CUST-0019,PRD-0035,Basic Trench Coat,Outerwear,2,154.38,0.1,308.76,277.88,In-Store
SALE-00332,2024-07-01,2024,7,Summer,CUST-0027,PRD-0012,Premium Jeans,Bottoms,2,106.38,0.1,212.76,191.48,Mobile App
SALE-00333,2024-07-01,2024,7,Summer,CUST-0043,PRD-0070,Premium Swim Trunks,Swimwear,1,98.82,0.0,98.82,98.82,In-Store
SALE-00334,2024-07-02,2024,7,Summer,CUST-0001,PRD-0054,Premium Flip Flops,Footwear,1,150.32,0.2,150.32,120.26,In-Store
SALE-00335,2024-07-03,2024,7,Summer,CUST-0056,PRD-0034,Premium Puffer Jacket,Outerwear,1,115.0,0.1,115.0,103.5,In-Store
SALE-00336,2024-07-03,2024,7,Summer,CUST-0010,PRD-0067,Basic Bikini,Swimwear,1,31.73,0.0,31.73,31.73,In-Store
SALE-00337,2024-07-04,2024,7,Summer,CUST-0022,PRD-0010,Premium Crop Top,Tops,1,42.82,0.3,42.82,29.97,Online
SALE-00338,2024-07-05,2024,7,Summer,CUST-0021,PRD-0048,Premium Sandals,Footwear,1,87.64,0.0,87.64,87.64,In-Store
SALE-00339,2024-07-07,2024,7,Summer,CUST-0062,PRD-0026,Premium Cocktail Dress,Dresses,2,118.94,0.4,237.88,142.73,In-Store
SALE-00340,2024-07-08,2024,7,Summer,CUST-0015,PRD-0053,Basic Flip Flops,Footwear,3,120.55,0.3,361.65,253.15,Mobile App
SALE-00341,2024-07-09,2024,7,Summer,CUST-0054,PRD-0001,Basic T-Shirt,Tops,2,26.93,0.1,53.86,48.47,In-Store
SALE-00342,2024-07-09,2024,7,Summer,CUST-0078,PRD-0041,Basic Sports Bra,Activewear,1,46.62,0.0,46.62,46.62,In-Store
SALE-00343,2024-07-10,2024,7,Summer,CUST-0036,PRD-0069,Basic Swim Trunks,Swimwear,1,22.04,0.1,22.04,19.84,Online
SALE-00344,2024-07-11,2024,7,Summer,CUST-0080,PRD-0041,Basic Sports Bra,Activewear,1,46.62,0.3,46.62,32.63,Online
SALE-00345,2024-07-11,2024,7,Summer,CUST-0012,PRD-0042,Premium Sports Bra,Activewear,2,73.12,0.1,146.24,131.62,Mobile App
SALE-00346,2024-07-12,2024,7,Summer,CUST-0049,PRD-0010,Premium Crop Top,Tops,1,42.82,0.3,42.82,29.97,In-Store
SALE-00347,2024-07-13,2024,7,Summer,CUST-0062,PRD-0048,Premium Sandals,Footwear,1,87.64,0.2,87.64,70.11,Mobile App
SALE-00348,2024-07-14,2024,7,Summer,CUST-0011,PRD-0045,Basic Track Jacket,Activewear,1,54.66,0.2,54.66,43.73,In-Store
SALE-00349,2024-07-14,2024,7,Summer,CUST-0059,PRD-0069,Basic Swim Trunks,Swimwear,1,22.04,0.0,22.04,22.04,In-Store
SALE-00350,2024-07-15,2024,7,Summer,CUST-0038,PRD-0041,Basic Sports Bra,Activewear,1,46.62,0.4,46.62,27.97,Mobile App
SALE-00351,2024-07-15,2024,7,Summer,CUST-0078,PRD-0028,Premium Wrap Dress,Dresses,3,68.7,0.4,206.1,123.66,In-Store
SALE-00352,2024-07-16,2024,7,Summer,CUST-0077,PRD-0055,Basic Loafers,Footwear,1,120.3,0.1,120.3,108.27,Online
SALE-00353,2024-07-16,2024,7,Summer,CUST-0071,PRD-0010,Premium Crop Top,Tops,1,42.82,0.0,42.82,42.82,Mobile App
SALE-00354,2024-07-16,2024,7,Summer,CUST-0048,PRD-0023,Basic Maxi Dress,Dresses,1,59.74,0.0,59.74,59.74,Online
SALE-00355,2024-07-17,2024,7,Summer,CUST-0066,PRD-0002,Premium T-Shirt,Tops,1,25.33,0.1,25.33,22.8,In-Store
SALE-00356,2024-07-17,2024,7,Summer,CUST-0042,PRD-0004,Premium Blouse,Tops,1,61.37,0.1,61.37,55.23,Online
SALE-00357,2024-07-19,2024,7,Summer,CUST-0057,PRD-0064,Premium Belt,Accessories,1,52.98,0.0,52.98,52.98,In-Store
SALE-00358,2024-07-22,2024,7,Summer,CUST-0038,PRD-0019,Basic Leggings,Bottoms,2,79.88,0.1,159.76,143.78,Online
SALE-00359,2024-07-22,2024,7,Summer,CUST-0068,PRD-0024,Premium Maxi Dress,Dresses,2,139.05,0.0,278.1,278.1,In-Store
SALE-00360,2024-07-23,2024,7,Summer,CUST-0011,PRD-0055,Basic Loafers,Footwear,2,120.3,0.1,240.6,216.54,In-Store
SALE-00361,2024-07-23,2024,7,Summer,CUST-0053,PRD-0070,Premium Swim Trunks,Swimwear,2,98.82,0.1,197.64,177.88,Online
SALE-00362,2024-07-24,2024,7,Summer,CUST-0015,PRD-0060,Premium Scarf,Accessories,2,20.13,0.3,40.26,28.18,In-Store
SALE-00363,2024-07-24,2024,7,Summer,CUST-0044,PRD-0055,Basic Loafers,Footwear,2,120.3,0.3,240.6,168.42,Online
SALE-00364,2024-07-28,2024,7,Summer,CUST-0015,PRD-0072,Premium One-Piece Swimsuit,Swimwear,3,104.99,0.3,314.97,220.48,In-Store
SALE-00365,2024-07-29,2024,7,Summer,CUST-0012,PRD-0022,Premium Sundress,Dresses,1,50.32,0.2,50.32,40.26,Mobile App
SALE-00366,2024-08-01,2024,8,Summer,CUST-0026,PRD-0057,Basic Sun Hat,Accessories,2,22.55,0.0,45.1,45.1,Mobile App
SALE-00367,2024-08-01,2024,8,Summer,CUST-0042,PRD-0063,Basic Belt,Accessories,2,20.59,0.3,41.18,28.83,In-Store
SALE-00368,2024-08-02,2024,8,Summer,CUST-0057,PRD-0072,Premium One-Piece Swimsuit,Swimwear,2,104.99,0.0,209.98,209.98,Online
SALE-00369,2024-08-02,2024,8,Summer,CUST-0003,PRD-0056,Premium Loafers,Footwear,2,84.75,0.1,169.5,152.55,Online
SALE-00370,2024-08-02,2024,8,Summer,CUST-0040,PRD-0024,Premium Maxi Dress,Dresses,3,139.05,0.0,417.15,417.15,In-Store
SALE-00371,2024-08-04,2024,8,Summer,CUST-0018,PRD-0064,Premium Belt,Accessories,2,52.98,0.0,105.96,105.96,Mobile App
SALE-00372,2024-08-04,2024,8,Summer,CUST-0053,PRD-0007,Basic Polo Shirt,Tops,2,29.13,0.0,58.26,58.26,Mobile App
SALE-00373,2024-08-04,2024,8,Summer,CUST-0004,PRD-0072,Premium One-Piece Swimsuit,Swimwear,1,104.99,0.2,104.99,83.99,Online
SALE-00374,2024-08-04,2024,8,Summer,CUST-0033,PRD-0070,Premium Swim Trunks,Swimwear,2,98.82,0.0,197.64,197.64,In-Store
SALE-00375,2024-08-04,2024,8,Summer,CUST-0002,PRD-0006,Premium Tank Top,Tops,1,44.5,0.1,44.5,40.05,Online
SALE-00376,2024-08-05,2024,8,Summer,CUST-0012,PRD-0001,Basic T-Shirt,Tops,1,26.93,0.3,26.93,18.85,In-Store
SALE-00377,2024-08-07,2024,8,Summer,CUST-0063,PRD-0013,Basic Shorts,Bottoms,3,29.02,0.0,87.06,87.06,In-Store
SALE-00378,2024-08-10,2024,8,Summer,CUST-0018,PRD-0055,Basic Loafers,Footwear,1,120.3,0.3,120.3,84.21,In-Store
SALE-00379,2024-08-11,2024,8,Summer,CUST-0016,PRD-0051,Basic Boots,Footwear,1,82.09,0.0,82.09,82.09,Online
SALE-00380,2024-08-12,2024,8,Summer,CUST-0054,PRD-0017,Basic Trousers,Bottoms,1,79.19,0.2,79.19,63.35,Online
SALE-00381,2024-08-13,2024,8,Summer,CUST-0020,PRD-0045,Basic Track Jacket,Activewear,1,54.66,0.4,54.66,32.8,In-Store
SALE-00382,2024-08-13,2024,8,Summer,CUST-0025,PRD-0064,Premium Belt,Accessories,3,52.98,0.0,158.94,158.94,Mobile App
SALE-00383,2024-08-13,2024,8,Summer,CUST-0005,PRD-0056,Premium Loafers,Footwear,1,84.75,0.3,84.75,59.32,In-Store
SALE-00384,2024-08-14,2024,8,Summer,CUST-0015,PRD-0006,Premium Tank Top,Tops,3,44.5,0.3,133.5,93.45,In-Store
SALE-00385,2024-08-14,2024,8,Summer,CUST-0060,PRD-0062,Premium Beanie,Accessories,2,35.38,0.0,70.76,70.76,In-Store
SALE-00386,2024-08-16,2024,8,Summer,CUST-0051,PRD-0052,Premium Boots,Footwear,2,167.32,0.0,334.64,334.64,In-Store
SALE-00387,2024-08-18,2024,8,Summer,CUST-0073,PRD-0045,Basic Track Jacket,Activewear,2,54.66,0.3,109.32,76.52,Online
SALE-00388,2024-08-19,2024,8,Summer,CUST-0079,PRD-0022,Premium Sundress,Dresses,1,50.32,0.0,50.32,50.32,Online
SALE-00389,2024-08-20,2024,8,Summer,CUST-0046,PRD-0003,Basic Blouse,Tops,1,22.01,0.0,22.01,22.01,Online
SALE-00390,2024-08-21,2024,8,Summer,CUST-0019,PRD-0067,Basic Bikini,Swimwear,1,31.73,0.0,31.73,31.73,Online
SALE-00391,2024-08-21,2024,8,Summer,CUST-0002,PRD-0041,Basic Sports Bra,Activewear,1,46.62,0.2,46.62,37.3,Mobile App
SALE-00392,2024-08-21,2024,8,Summer,CUST-0019,PRD-0012,Premium Jeans,Bottoms,1,106.38,0.4,106.38,63.83,In-Store
SALE-00393,2024-08-24,2024,8,Summer,CUST-0071,PRD-0011,Basic Jeans,Bottoms,1,28.68,0.2,28.68,22.94,Online
SALE-00394,2024-08-25,2024,8,Summer,CUST-0015,PRD-0040,Premium Yoga Pants,Activewear,1,82.02,0.2,82.02,65.62,Mobile App
SALE-00395,2024-08-25,2024,8,Summer,CUST-0035,PRD-0068,Premium Bikini,Swimwear,1,48.17,0.1,48.17,43.35,In-Store
SALE-00396,2024-08-26,2024,8,Summer,CUST-0019,PRD-0020,Premium Leggings,Bottoms,2,38.24,0.3,76.48,53.54,Online
SALE-00397,2024-08-28,2024,8,Summer,CUST-0062,PRD-0007,Basic Polo Shirt,Tops,2,29.13,0.2,58.26,46.61,Mobile App
SALE-00398,2024-08-28,2024,8,Summer,CUST-0073,PRD-0041,Basic Sports Bra,Activewear,3,46.62,0.0,139.86,139.86,Online
SALE-00399,2024-08-28,2024,8,Summer,CUST-0010,PRD-0005,Basic Tank Top,Tops,2,39.45,0.1,78.9,71.01,In-Store
SALE-00400,2024-08-28,2024,8,Summer,CUST-0013,PRD-0039,Basic Yoga Pants,Activewear,2,21.99,0.0,43.98,43.98,In-Store
SALE-00401,2024-08-30,2024,8,Summer,CUST-0028,PRD-0070,Premium Swim Trunks,Swimwear,1,98.82,0.4,98.82,59.29,Online
SALE-00402,2024-08-30,2024,8,Summer,CUST-0064,PRD-0004,Premium Blouse,Tops,1,61.37,0.4,61.37,36.82,In-Store
SALE-00403,2024-08-31,2024,8,Summer,CUST-0079,PRD-0014,Premium Shorts,Bottoms,1,58.96,0.3,58.96,41.27,Online
SALE-00404,2024-09-01,2024,9,Fall,CUST-0030,PRD-0051,Basic Boots,Footwear,3,82.09,0.2,246.27,197.02,Online
SALE-00405,2024-09-02,2024,9,Fall,CUST-0028,PRD-0024,Premium Maxi Dress,Dresses,1,139.05,0.0,139.05,139.05,In-Store
SALE-00406,2024-09-02,2024,9,Fall,CUST-0031,PRD-0055,Basic Loafers,Footwear,1,120.3,0.2,120.3,96.24,Mobile App
SALE-00407,2024-09-02,2024,9,Fall,CUST-0079,PRD-0015,Basic Skirt,Bottoms,1,38.55,0.0,38.55,38.55,In-Store
SALE-00408,2024-09-02,2024,9,Fall,CUST-0029,PRD-0012,Premium Jeans,Bottoms,1,106.38,0.1,106.38,95.74,In-Store
SALE-00409,2024-09-03,2024,9,Fall,CUST-0004,PRD-0014,Premium Shorts,Bottoms,1,58.96,0.2,58.96,47.17,In-Store
SALE-00410,2024-09-03,2024,9,Fall,CUST-0061,PRD-0009,Basic Crop Top,Tops,1,22.4,0.0,22.4,22.4,In-Store
SALE-00411,2024-09-03,2024,9,Fall,CUST-0064,PRD-0044,Premium Running Shorts,Activewear,1,64.76,0.2,64.76,51.81,Mobile App
SALE-00412,2024-09-04,2024,9,Fall,CUST-0026,PRD-0037,Basic Cardigan,Outerwear,2,176.88,0.0,353.76,353.76,In-Store
SALE-00413,2024-09-05,2024,9,Fall,CUST-0035,PRD-0042,Premium Sports Bra,Activewear,1,73.12,0.0,73.12,73.12,Mobile App
SALE-00414,2024-09-06,2024,9,Fall,CUST-0059,PRD-0005,Basic Tank Top,Tops,1,39.45,0.0,39.45,39.45,Online
SALE-00415,2024-09-07,2024,9,Fall,CUST-0050,PRD-0058,Premium Sun Hat,Accessories,1,46.9,0.0,46.9,46.9,In-Store
SALE-00416,2024-09-07,2024,9,Fall,CUST-0058,PRD-0065,Basic Sunglasses,Accessories,2,14.3,0.0,28.6,28.6,In-Store
SALE-00417,2024-09-07,2024,9,Fall,CUST-0014,PRD-0009,Basic Crop Top,Tops,3,22.4,0.0,67.2,67.2,In-Store
SALE-00418,2024-09-07,2024,9,Fall,CUST-0039,PRD-0067,Basic Bikini,Swimwear,2,31.73,0.1,63.46,57.11,In-Store
SALE-00419,2024-09-08,2024,9,Fall,CUST-0058,PRD-0043,Basic Running Shorts,Activewear,1,57.4,0.0,57.4,57.4,Online
SALE-00420,2024-09-08,2024,9,Fall,CUST-0025,PRD-0061,Basic Beanie,Accessories,2,25.12,0.2,50.24,40.19,In-Store
SALE-00421,2024-09-08,2024,9,Fall,CUST-0035,PRD-0011,Basic Jeans,Bottoms,1,28.68,0.0,28.68,28.68,In-Store
SALE-00422,2024-09-08,2024,9,Fall,CUST-0030,PRD-0039,Basic Yoga Pants,Activewear,1,21.99,0.0,21.99,21.99,Online
SALE-00423,2024-09-10,2024,9,Fall,CUST-0045,PRD-0046,Premium Track Jacket,Activewear,1,49.41,0.0,49.41,49.41,Online
SALE-00424,2024-09-10,2024,9,Fall,CUST-0002,PRD-0029,Basic Winter Coat,Outerwear,1,106.95,0.1,106.95,96.26,In-Store
SALE-00425,2024-09-11,2024,9,Fall,CUST-0061,PRD-0048,Premium Sandals,Footwear,3,87.64,0.0,262.92,262.92,In-Store
SALE-00426,2024-09-12,2024,9,Fall,CUST-0056,PRD-0015,Basic Skirt,Bottoms,3,38.55,0.1,115.65,104.08,Online
SALE-00427,2024-09-12,2024,9,Fall,CUST-0055,PRD-0020,Premium Leggings,Bottoms,3,38.24,0.0,114.72,114.72,In-Store
SALE-00428,2024-09-12,2024,9,Fall,CUST-0027,PRD-0043,Basic Running Shorts,Activewear,1,57.4,0.1,57.4,51.66,In-Store
SALE-00429,2024-09-13,2024,9,Fall,CUST-0011,PRD-0064,Premium Belt,Accessories,1,52.98,0.0,52.98,52.98,In-Store
SALE-00430,2024-09-14,2024,9,Fall,CUST-0039,PRD-0019,Basic Leggings,Bottoms,2,79.88,0.1,159.76,143.78,In-Store
SALE-00431,2024-09-15,2024,9,Fall,CUST-0022,PRD-0055,Basic Loafers,Footwear,1,120.3,0.0,120.3,120.3,Online
SALE-00432,2024-09-15,2024,9,Fall,CUST-0021,PRD-0062,Premium Beanie,Accessories,1,35.38,0.1,35.38,31.84,Online
SALE-00433,2024-09-16,2024,9,Fall,CUST-0030,PRD-0046,Premium Track Jacket,Activewear,1,49.41,0.0,49.41,49.41,In-Store
SALE-00434,2024-09-16,2024,9,Fall,CUST-0039,PRD-0005,Basic Tank Top,Tops,1,39.45,0.2,39.45,31.56,Online
SALE-00435,2024-09-17,2024,9,Fall,CUST-0031,PRD-0056,Premium Loafers,Footwear,1,84.75,0.0,84.75,84.75,Mobile App
SALE-00436,2024-09-17,2024,9,Fall,CUST-0058,PRD-0071,Basic One-Piece Swimsuit,Swimwear,1,29.51,0.0,29.51,29.51,Online
SALE-00437,2024-09-19,2024,9,Fall,CUST-0047,PRD-0013,Basic Shorts,Bottoms,2,29.02,0.0,58.04,58.04,Online
SALE-00438,2024-09-19,2024,9,Fall,CUST-0079,PRD-0011,Basic Jeans,Bottoms,3,28.68,0.0,86.04,86.04,Online
SALE-00439,2024-09-19,2024,9,Fall,CUST-0028,PRD-0050,Premium Sneakers,Footwear,2,70.35,0.1,140.7,126.63,In-Store
SALE-00440,2024-09-20,2024,9,Fall,CUST-0038,PRD-0040,Premium Yoga Pants,Activewear,1,82.02,0.0,82.02,82.02,Online
SALE-00441,2024-09-20,2024,9,Fall,CUST-0066,PRD-0055,Basic Loafers,Footwear,2,120.3,0.2,240.6,192.48,In-Store
SALE-00442,2024-09-21,2024,9,Fall,CUST-0056,PRD-0049,Basic Sneakers,Footwear,1,117.43,0.1,117.43,105.69,In-Store
SALE-00443,2024-09-22,2024,9,Fall,CUST-0012,PRD-0019,Basic Leggings,Bottoms,2,79.88,0.0,159.76,159.76,Online
SALE-00444,2024-09-22,2024,9,Fall,CUST-0004,PRD-0060,Premium Scarf,Accessories,1,20.13,0.0,20.13,20.13,Mobile App
SALE-00445,2024-09-22,2024,9,Fall,CUST-0025,PRD-0038,Premium Cardigan,Outerwear,2,206.33,0.0,412.66,412.66,Online
SALE-00446,2024-09-22,2024,9,Fall,CUST-0038,PRD-0027,Basic Wrap Dress,Dresses,2,63.72,0.0,127.44,127.44,Online
SALE-00447,2024-09-23,2024,9,Fall,CUST-0033,PRD-0062,Premium Beanie,Accessories,1,35.38,0.0,35.38,35.38,In-Store
SALE-00448,2024-09-23,2024,9,Fall,CUST-0040,PRD-0070,Premium Swim Trunks,Swimwear,1,98.82,0.0,98.82,98.82,In-Store
SALE-00449,2024-09-24,2024,9,Fall,CUST-0028,PRD-0072,Premium One-Piece Swimsuit,Swimwear,1,104.99,0.0,104.99,104.99,Online
SALE-00450,2024-09-24,2024,9,Fall,CUST-0053,PRD-0037,Basic Cardigan,Outerwear,1,176.88,0.1,176.88,159.19,Online
SALE-00451,2024-09-25,2024,9,Fall,CUST-0049,PRD-0033,Basic Puffer Jacket,Outerwear,1,119.01,0.2,119.01,95.21,Online
SALE-00452,2024-09-26,2024,9,Fall,CUST-0012,PRD-0002,Premium T-Shirt,Tops,1,25.33,0.1,25.33,22.8,In-Store
SALE-00453,2024-09-26,2024,9,Fall,CUST-0049,PRD-0021,Basic Sundress,Dresses,3,91.82,0.0,275.46,275.46,In-Store
SALE-00454,2024-09-26,2024,9,Fall,CUST-0078,PRD-0063,Basic Belt,Accessories,1,20.59,0.0,20.59,20.59,Online
SALE-00455,2024-09-26,2024,9,Fall,CUST-0026,PRD-0069,Basic Swim Trunks,Swimwear,2,22.04,0.1,44.08,39.67,In-Store
SALE-00456,2024-09-27,2024,9,Fall,CUST-0011,PRD-0040,Premium Yoga Pants,Activewear,1,82.02,0.2,82.02,65.62,Online
SALE-00457,2024-09-28,2024,9,Fall,CUST-0043,PRD-0017,Basic Trousers,Bottoms,1,79.19,0.1,79.19,71.27,Mobile App
SALE-00458,2024-09-28,2024,9,Fall,CUST-0055,PRD-0064,Premium Belt,Accessories,1,52.98,0.0,52.98,52.98,In-Store
SALE-00459,2024-09-28,2024,9,Fall,CUST-0067,PRD-0029,Basic Winter Coat,Outerwear,1,106.95,0.0,106.95,106.95,Online
SALE-00460,2024-09-29,2024,9,Fall,CUST-0077,PRD-0060,Premium Scarf,Accessories,2,20.13,0.0,40.26,40.26,Online
SALE-00461,2024-09-29,2024,9,Fall,CUST-0033,PRD-0036,Premium Trench Coat,Outerwear,2,299.66,0.0,599.32,599.32,In-Store
SALE-00462,2024-09-30,2024,9,Fall,CUST-0027,PRD-0014,Premium Shorts,Bottoms,2,58.96,0.0,117.92,117.92,Online
SALE-00463,2024-09-30,2024,9,Fall,CUST-0027,PRD-0037,Basic Cardigan,Outerwear,3,176.88,0.0,530.64,530.64,Online
SALE-00464,2024-10-02,2024,10,Fall,CUST-0005,PRD-0014,Premium Shorts,Bottoms,2,58.96,0.0,117.92,117.92,In-Store
SALE-00465,2024-10-02,2024,10,Fall,CUST-0032,PRD-0011,Basic Jeans,Bottoms,4,28.68,0.0,114.72,114.72,In-Store
SALE-00466,2024-10-03,2024,10,Fall,CUST-0071,PRD-0054,Premium Flip Flops,Footwear,2,150.32,0.0,300.64,300.64,In-Store
SALE-00467,2024-10-03,2024,10,Fall,CUST-0028,PRD-0061,Basic Beanie,Accessories,1,25.12,0.2,25.12,20.1,Mobile App
SALE-00468,2024-10-03,2024,10,Fall,CUST-0065,PRD-0032,Premium Denim Jacket,Outerwear,4,176.16,0.2,704.64,563.71,In-Store
SALE-00469,2024-10-04,2024,10,Fall,CUST-0059,PRD-0072,Premium One-Piece Swimsuit,Swimwear,1,104.99,0.0,104.99,104.99,In-Store
SALE-00470,2024-10-05,2024,10,Fall,CUST-0030,PRD-0034,Premium Puffer Jacket,Outerwear,1,115.0,0.2,115.0,92.0,In-Store
SALE-00471,2024-10-05,2024,10,Fall,CUST-0044,PRD-0009,Basic Crop Top,Tops,1,22.4,0.0,22.4,22.4,Mobile App
SALE-00472,2024-10-05,2024,10,Fall,CUST-0055,PRD-0052,Premium Boots,Footwear,3,167.32,0.0,501.96,501.96,In-Store
SALE-00473,2024-10-06,2024,10,Fall,CUST-0065,PRD-0010,Premium Crop Top,Tops,2,42.82,0.1,85.64,77.08,In-Store
SALE-00474,2024-10-06,2024,10,Fall,CUST-0072,PRD-0065,Basic Sunglasses,Accessories,1,14.3,0.1,14.3,12.87,In-Store
SALE-00475,2024-10-07,2024,10,Fall,CUST-0026,PRD-0054,Premium Flip Flops,Footwear,1,150.32,0.0,150.32,150.32,In-Store
SALE-00476,2024-10-07,2024,10,Fall,CUST-0029,PRD-0060,Premium Scarf,Accessories,1,20.13,0.0,20.13,20.13,In-Store
SALE-00477,2024-10-09,2024,10,Fall,CUST-0042,PRD-0027,Basic Wrap Dress,Dresses,2,63.72,0.1,127.44,114.7,In-Store
SALE-00478,2024-10-10,2024,10,Fall,CUST-0060,PRD-0071,Basic One-Piece Swimsuit,Swimwear,2,29.51,0.1,59.02,53.12,In-Store
SALE-00479,2024-10-10,2024,10,Fall,CUST-0015,PRD-0001,Basic T-Shirt,Tops,1,26.93,0.0,26.93,26.93,In-Store
SALE-00480,2024-10-11,2024,10,Fall,CUST-0048,PRD-0047,Basic Sandals,Footwear,1,111.68,0.0,111.68,111.68,In-Store
SALE-00481,2024-10-13,2024,10,Fall,CUST-0079,PRD-0040,Premium Yoga Pants,Activewear,3,82.02,0.2,246.06,196.85,Online
SALE-00482,2024-10-13,2024,10,Fall,CUST-0054,PRD-0007,Basic Polo Shirt,Tops,1,29.13,0.2,29.13,23.3,In-Store
SALE-00483,2024-10-14,2024,10,Fall,CUST-0035,PRD-0046,Premium Track Jacket,Activewear,1,49.41,0.0,49.41,49.41,In-Store
SALE-00484,2024-10-14,2024,10,Fall,CUST-0079,PRD-0066,Premium Sunglasses,Accessories,3,31.97,0.0,95.91,95.91,In-Store
SALE-00485,2024-10-14,2024,10,Fall,CUST-0072,PRD-0036,Premium Trench Coat,Outerwear,3,299.66,0.1,898.98,809.08,In-Store
SALE-00486,2024-10-15,2024,10,Fall,CUST-0080,PRD-0070,Premium Swim Trunks,Swimwear,3,98.82,0.0,296.46,296.46,In-Store
SALE-00487,2024-10-15,2024,10,Fall,CUST-0065,PRD-0042,Premium Sports Bra,Activewear,3,73.12,0.0,219.36,219.36,Online
SALE-00488,2024-10-15,2024,10,Fall,CUST-0012,PRD-0013,Basic Shorts,Bottoms,1,29.02,0.0,29.02,29.02,In-Store
SALE-00489,2024-10-15,2024,10,Fall,CUST-0018,PRD-0016,Premium Skirt,Bottoms,1,48.68,0.1,48.68,43.81,In-Store
SALE-00490,2024-10-16,2024,10,Fall,CUST-0039,PRD-0008,Premium Polo Shirt,Tops,1,37.93,0.1,37.93,34.14,In-Store
SALE-00491,2024-10-16,2024,10,Fall,CUST-0033,PRD-0061,Basic Beanie,Accessories,2,25.12,0.1,50.24,45.22,In-Store
SALE-00492,2024-10-17,2024,10,Fall,CUST-0013,PRD-0057,Basic Sun Hat,Accessories,1,22.55,0.0,22.55,22.55,In-Store
SALE-00493,2024-10-17,2024,10,Fall,CUST-0022,PRD-0018,Premium Trousers,Bottoms,2,65.4,0.0,130.8,130.8,Online
SALE-00494,2024-10-17,2024,10,Fall,CUST-0008,PRD-0013,Basic Shorts,Bottoms,2,29.02,0.2,58.04,46.43,In-Store
SALE-00495,2024-10-18,2024,10,Fall,CUST-0069,PRD-0016,Premium Skirt,Bottoms,1,48.68,0.0,48.68,48.68,In-Store
SALE-00496,2024-10-18,2024,10,Fall,CUST-0029,PRD-0040,Premium Yoga Pants,Activewear,1,82.02,0.1,82.02,73.82,Mobile App
SALE-00497,2024-10-18,2024,10,Fall,CUST-0002,PRD-0042,Premium Sports Bra,Activewear,1,73.12,0.0,73.12,73.12,In-Store
SALE-00498,2024-10-18,2024,10,Fall,CUST-0017,PRD-0011,Basic Jeans,Bottoms,2,28.68,0.1,57.36,51.62,Mobile App
SALE-00499,2024-10-20,2024,10,Fall,CUST-0056,PRD-0010,Premium Crop Top,Tops,1,42.82,0.0,42.82,42.82,In-Store
SALE-00500,2024-10-20,2024,10,Fall,CUST-0018,PRD-0003,Basic Blouse,Tops,4,22.01,0.0,88.04,88.04,Mobile App
SALE-00501,2024-10-20,2024,10,Fall,CUST-0036,PRD-0017,Basic Trousers,Bottoms,1,79.19,0.1,79.19,71.27,In-Store
SALE-00502,2024-10-21,2024,10,Fall,CUST-0079,PRD-0069,Basic Swim Trunks,Swimwear,2,22.04,0.0,44.08,44.08,In-Store
SALE-00503,2024-10-22,2024,10,Fall,CUST-0015,PRD-0049,Basic Sneakers,Footwear,1,117.43,0.1,117.43,105.69,In-Store
SALE-00504,2024-10-22,2024,10,Fall,CUST-0053,PRD-0001,Basic T-Shirt,Tops,2,26.93,0.0,53.86,53.86,In-Store
SALE-00505,2024-10-22,2024,10,Fall,CUST-0048,PRD-0067,Basic Bikini,Swimwear,1,31.73,0.1,31.73,28.56,In-Store
SALE-00506,2024-10-22,2024,10,Fall,CUST-0044,PRD-0058,Premium Sun Hat,Accessories,3,46.9,0.0,140.7,140.7,Online
SALE-00507,2024-10-23,2024,10,Fall,CUST-0007,PRD-0026,Premium Cocktail Dress,Dresses,2,118.94,0.2,237.88,190.3,In-Store
SALE-00508,2024-10-23,2024,10,Fall,CUST-0046,PRD-0010,Premium Crop Top,Tops,1,42.82,0.0,42.82,42.82,In-Store
SALE-00509,2024-10-24,2024,10,Fall,CUST-0009,PRD-0012,Premium Jeans,Bottoms,1,106.38,0.0,106.38,106.38,Online
SALE-00510,2024-10-26,2024,10,Fall,CUST-0058,PRD-0046,Premium Track Jacket,Activewear,1,49.41,0.0,49.41,49.41,Mobile App
SALE-00511,2024-10-26,2024,10,Fall,CUST-0024,PRD-0009,Basic Crop Top,Tops,1,22.4,0.2,22.4,17.92,Mobile App
SALE-00512,2024-10-27,2024,10,Fall,CUST-0075,PRD-0033,Basic Puffer Jacket,Outerwear,2,119.01,0.0,238.02,238.02,In-Store
SALE-00513,2024-10-27,2024,10,Fall,CUST-0026,PRD-0033,Basic Puffer Jacket,Outerwear,1,119.01,0.0,119.01,119.01,Online
SALE-00514,2024-10-27,2024,10,Fall,CUST-0056,PRD-0022,Premium Sundress,Dresses,1,50.32,0.0,50.32,50.32,In-Store
SALE-00515,2024-10-27,2024,10,Fall,CUST-0072,PRD-0005,Basic Tank Top,Tops,1,39.45,0.0,39.45,39.45,Mobile App
SALE-00516,2024-10-27,2024,10,Fall,CUST-0044,PRD-0041,Basic Sports Bra,Activewear,1,46.62,0.0,46.62,46.62,Online
SALE-00517,2024-10-27,2024,10,Fall,CUST-0047,PRD-0034,Premium Puffer Jacket,Outerwear,3,115.0,0.0,345.0,345.0,In-Store
SALE-00518,2024-10-28,2024,10,Fall,CUST-0011,PRD-0047,Basic Sandals,Footwear,3,111.68,0.1,335.04,301.54,In-Store
SALE-00519,2024-10-28,2024,10,Fall,CUST-0007,PRD-0046,Premium Track Jacket,Activewear,1,49.41,0.0,49.41,49.41,In-Store
SALE-00520,2024-10-28,2024,10,Fall,CUST-0079,PRD-0028,Premium Wrap Dress,Dresses,2,68.7,0.1,137.4,123.66,Online
SALE-00521,2024-10-28,2024,10,Fall,CUST-0075,PRD-0025,Basic Cocktail Dress,Dresses,2,95.42,0.0,190.84,190.84,In-Store
SALE-00522,2024-10-28,2024,10,Fall,CUST-0074,PRD-0047,Basic Sandals,Footwear,1,111.68,0.0,111.68,111.68,Online
SALE-00523,2024-10-30,2024,10,Fall,CUST-0053,PRD-0006,Premium Tank Top,Tops,2,44.5,0.2,89.0,71.2,Mobile App
SALE-00524,2024-10-30,2024,10,Fall,CUST-0038,PRD-0045,Basic Track Jacket,Activewear,2,54.66,0.0,109.32,109.32,In-Store
SALE-00525,2024-10-30,2024,10,Fall,CUST-0075,PRD-0005,Basic Tank Top,Tops,1,39.45,0.2,39.45,31.56,Online
SALE-00526,2024-10-31,2024,10,Fall,CUST-0021,PRD-0022,Premium Sundress,Dresses,1,50.32,0.0,50.32,50.32,Mobile App
SALE-00527,2024-11-01,2024,11,Fall,CUST-0015,PRD-0045,Basic Track Jacket,Activewear,1,54.66,0.1,54.66,49.19,Online
SALE-00528,2024-11-01,2024,11,Fall,CUST-0051,PRD-0002,Premium T-Shirt,Tops,4,25.33,0.0,101.32,101.32,Online
SALE-00529,2024-11-02,2024,11,Fall,CUST-0009,PRD-0037,Basic Cardigan,Outerwear,1,176.88,0.2,176.88,141.5,Online
SALE-00530,2024-11-02,2024,11,Fall,CUST-0025,PRD-0061,Basic Beanie,Accessories,2,25.12,0.1,50.24,45.22,Online
SALE-00531,2024-11-02,2024,11,Fall,CUST-0075,PRD-0062,Premium Beanie,Accessories,2,35.38,0.0,70.76,70.76,In-Store
SALE-00532,2024-11-03,2024,11,Fall,CUST-0030,PRD-0043,Basic Running Shorts,Activewear,2,57.4,0.0,114.8,114.8,In-Store
SALE-00533,2024-11-03,2024,11,Fall,CUST-0035,PRD-0069,Basic Swim Trunks,Swimwear,2,22.04,0.1,44.08,39.67,In-Store
SALE-00534,2024-11-04,2024,11,Fall,CUST-0073,PRD-0013,Basic Shorts,Bottoms,1,29.02,0.1,29.02,26.12,In-Store
SALE-00535,2024-11-04,2024,11,Fall,CUST-0030,PRD-0071,Basic One-Piece Swimsuit,Swimwear,1,29.51,0.0,29.51,29.51,In-Store
SALE-00536,2024-11-04,2024,11,Fall,CUST-0066,PRD-0034,Premium Puffer Jacket,Outerwear,1,115.0,0.2,115.0,92.0,Mobile App
SALE-00537,2024-11-04,2024,11,Fall,CUST-0044,PRD-0057,Basic Sun Hat,Accessories,1,22.55,0.1,22.55,20.3,Online
SALE-00538,2024-11-04,2024,11,Fall,CUST-0070,PRD-0058,Premium Sun Hat,Accessories,1,46.9,0.0,46.9,46.9,In-Store
SALE-00539,2024-11-04,2024,11,Fall,CUST-0054,PRD-0008,Premium Polo Shirt,Tops,1,37.93,0.0,37.93,37.93,In-Store
SALE-00540,2024-11-04,2024,11,Fall,CUST-0025,PRD-0059,Basic Scarf,Accessories,2,28.16,0.0,56.32,56.32,Online
SALE-00541,2024-11-05,2024,11,Fall,CUST-0029,PRD-0068,Premium Bikini,Swimwear,1,48.17,0.1,48.17,43.35,Mobile App
SALE-00542,2024-11-06,2024,11,Fall,CUST-0068,PRD-0046,Premium Track Jacket,Activewear,1,49.41,0.0,49.41,49.41,Online
SALE-00543,2024-11-06,2024,11,Fall,CUST-0079,PRD-0003,Basic Blouse,Tops,1,22.01,0.0,22.01,22.01,In-Store
SALE-00544,2024-11-06,2024,11,Fall,CUST-0068,PRD-0037,Basic Cardigan,Outerwear,2,176.88,0.0,353.76,353.76,Online
SALE-00545,2024-11-06,2024,11,Fall,CUST-0078,PRD-0037,Basic Cardigan,Outerwear,2,176.88,0.0,353.76,353.76,Mobile App
SALE-00546,2024-11-06,2024,11,Fall,CUST-0049,PRD-0044,Premium Running Shorts,Activewear,2,64.76,0.0,129.52,129.52,Online
SALE-00547,2024-11-06,2024,11,Fall,CUST-0057,PRD-0001,Basic T-Shirt,Tops,1,26.93,0.1,26.93,24.24,In-Store
SALE-00548,2024-11-07,2024,11,Fall,CUST-0031,PRD-0054,Premium Flip Flops,Footwear,2,150.32,0.2,300.64,240.51,In-Store
SALE-00549,2024-11-07,2024,11,Fall,CUST-0014,PRD-0042,Premium Sports Bra,Activewear,3,73.12,0.1,219.36,197.42,Mobile App
SALE-00550,2024-11-07,2024,11,Fall,CUST-0024,PRD-0007,Basic Polo Shirt,Tops,2,29.13,0.0,58.26,58.26,Mobile App
SALE-00551,2024-11-07,2024,11,Fall,CUST-0063,PRD-0039,Basic Yoga Pants,Activewear,1,21.99,0.0,21.99,21.99,In-Store
SALE-00552,2024-11-08,2024,11,Fall,CUST-0016,PRD-0029,Basic Winter Coat,Outerwear,2,106.95,0.1,213.9,192.51,Online
SALE-00553,2024-11-08,2024,11,Fall,CUST-0055,PRD-0020,Premium Leggings,Bottoms,1,38.24,0.2,38.24,30.59,Mobile App
SALE-00554,2024-11-12,2024,11,Fall,CUST-0036,PRD-0005,Basic Tank Top,Tops,1,39.45,0.1,39.45,35.51,In-Store
SALE-00555,2024-11-13,2024,11,Fall,CUST-0053,PRD-0003,Basic Blouse,Tops,1,22.01,0.2,22.01,17.61,Online
SALE-00556,2024-11-13,2024,11,Fall,CUST-0032,PRD-0016,Premium Skirt,Bottoms,3,48.68,0.0,146.04,146.04,In-Store
SALE-00557,2024-11-13,2024,11,Fall,CUST-0026,PRD-0006,Premium Tank Top,Tops,3,44.5,0.0,133.5,133.5,Mobile App
SALE-00558,2024-11-13,2024,11,Fall,CUST-0050,PRD-0020,Premium Leggings,Bottoms,3,38.24,0.0,114.72,114.72,Mobile App
SALE-00559,2024-11-14,2024,11,Fall,CUST-0015,PRD-0072,Premium One-Piece Swimsuit,Swimwear,1,104.99,0.1,104.99,94.49,In-Store
SALE-00560,2024-11-14,2024,11,Fall,CUST-0066,PRD-0025,Basic Cocktail Dress,Dresses,1,95.42,0.0,95.42,95.42,Online
SALE-00561,2024-11-14,2024,11,Fall,CUST-0055,PRD-0016,Premium Skirt,Bottoms,1,48.68,0.0,48.68,48.68,Online
SALE-00562,2024-11-14,2024,11,Fall,CUST-0049,PRD-0003,Basic Blouse,Tops,2,22.01,0.0,44.02,44.02,Mobile App
SALE-00563,2024-11-14,2024,11,Fall,CUST-0047,PRD-0005,Basic Tank Top,Tops,2,39.45,0.1,78.9,71.01,In-Store
SALE-00564,2024-11-15,2024,11,Fall,CUST-0024,PRD-0050,Premium Sneakers,Footwear,2,70.35,0.0,140.7,140.7,In-Store
SALE-00565,2024-11-15,2024,11,Fall,CUST-0017,PRD-0062,Premium Beanie,Accessories,1,35.38,0.0,35.38,35.38,In-Store
SALE-00566,2024-11-17,2024,11,Fall,CUST-0041,PRD-0049,Basic Sneakers,Footwear,1,117.43,0.0,117.43,117.43,Mobile App
SALE-00567,2024-11-17,2024,11,Fall,CUST-0043,PRD-0004,Premium Blouse,Tops,1,61.37,0.0,61.37,61.37,In-Store
SALE-00568,2024-11-18,2024,11,Fall,CUST-0015,PRD-0041,Basic Sports Bra,Activewear,1,46.62,0.0,46.62,46.62,Mobile App
SALE-00569,2024-11-19,2024,11,Fall,CUST-0050,PRD-0054,Premium Flip Flops,Footwear,2,150.32,0.0,300.64,300.64,In-Store
SALE-00570,2024-11-20,2024,11,Fall,CUST-0024,PRD-0014,Premium Shorts,Bottoms,1,58.96,0.1,58.96,53.06,In-Store
SALE-00571,2024-11-20,2024,11,Fall,CUST-0008,PRD-0020,Premium Leggings,Bottoms,2,38.24,0.0,76.48,76.48,In-Store
SALE-00572,2024-11-21,2024,11,Fall,CUST-0048,PRD-0053,Basic Flip Flops,Footwear,1,120.55,0.2,120.55,96.44,In-Store
SALE-00573,2024-11-22,2024,11,Fall,CUST-0024,PRD-0022,Premium Sundress,Dresses,1,50.32,0.0,50.32,50.32,In-Store
SALE-00574,2024-11-22,2024,11,Fall,CUST-0013,PRD-0023,Basic Maxi Dress,Dresses,3,59.74,0.0,179.22,179.22,In-Store
SALE-00575,2024-11-22,2024,11,Fall,CUST-0011,PRD-0021,Basic Sundress,Dresses,3,91.82,0.0,275.46,275.46,Online
SALE-00576,2024-11-22,2024,11,Fall,CUST-0028,PRD-0024,Premium Maxi Dress,Dresses,1,139.05,0.0,139.05,139.05,Mobile App
SALE-00577,2024-11-22,2024,11,Fall,CUST-0070,PRD-0038,Premium Cardigan,Outerwear,1,206.33,0.2,206.33,165.06,In-Store
SALE-00578,2024-11-24,2024,11,Fall,CUST-0068,PRD-0002,Premium T-Shirt,Tops,2,25.33,0.2,50.66,40.53,Online
SALE-00579,2024-11-25,2024,11,Fall,CUST-0034,PRD-0003,Basic Blouse,Tops,1,22.01,0.0,22.01,22.01,In-Store
SALE-00580,2024-11-25,2024,11,Fall,CUST-0054,PRD-0062,Premium Beanie,Accessories,1,35.38,0.0,35.38,35.38,In-Store
SALE-00581,2024-11-25,2024,11,Fall,CUST-0055,PRD-0020,Premium Leggings,Bottoms,2,38.24,0.0,76.48,76.48,Mobile App
SALE-00582,2024-11-26,2024,11,Fall,CUST-0013,PRD-0051,Basic Boots,Footwear,2,82.09,0.2,164.18,131.34,In-Store
SALE-00583,2024-11-26,2024,11,Fall,CUST-0060,PRD-0043,Basic Running Shorts,Activewear,1,57.4,0.1,57.4,51.66,Online
SALE-00584,2024-11-27,2024,11,Fall,CUST-0064,PRD-0042,Premium Sports Bra,Activewear,1,73.12,0.1,73.12,65.81,Online
SALE-00585,2024-11-27,2024,11,Fall,CUST-0034,PRD-0030,Premium Winter Coat,Outerwear,3,191.36,0.0,574.08,574.08,In-Store
SALE-00586,2024-11-28,2024,11,Fall,CUST-0051,PRD-0040,Premium Yoga Pants,Activewear,1,82.02,0.0,82.02,82.02,In-Store
SALE-00587,2024-11-28,2024,11,Fall,CUST-0004,PRD-0066,Premium Sunglasses,Accessories,1,31.97,0.1,31.97,28.77,In-Store
SALE-00588,2024-11-28,2024,11,Fall,CUST-0072,PRD-0005,Basic Tank Top,Tops,1,39.45,0.0,39.45,39.45,In-Store
SALE-00589,2024-11-29,2024,11,Fall,CUST-0006,PRD-0036,Premium Trench Coat,Outerwear,3,299.66,0.0,898.98,898.98,Online
SALE-00590,2024-11-29,2024,11,Fall,CUST-0068,PRD-0036,Premium Trench Coat,Outerwear,1,299.66,0.2,299.66,239.73,In-Store
SALE-00591,2024-11-29,2024,11,Fall,CUST-0074,PRD-0035,Basic Trench Coat,Outerwear,1,154.38,0.2,154.38,123.5,In-Store
SALE-00592,2024-11-29,2024,11,Fall,CUST-0009,PRD-0047,Basic Sandals,Footwear,1,111.68,0.0,111.68,111.68,In-Store
SALE-00593,2024-11-30,2024,11,Fall,CUST-0026,PRD-0018,Premium Trousers,Bottoms,1,65.4,0.1,65.4,58.86,Mobile App
SALE-00594,2024-11-30,2024,11,Fall,CUST-0065,PRD-0055,Basic Loafers,Footwear,1,120.3,0.0,120.3,120.3,Online
SALE-00595,2024-11-30,2024,11,Fall,CUST-0073,PRD-0003,Basic Blouse,Tops,1,22.01,0.0,22.01,22.01,Online
SALE-00596,2024-11-30,2024,11,Fall,CUST-0023,PRD-0033,Basic Puffer Jacket,Outerwear,1,119.01,0.2,119.01,95.21,In-Store
SALE-00597,2024-12-01,2024,12,Winter,CUST-0017,PRD-0008,Premium Polo Shirt,Tops,1,37.93,0.1,37.93,34.14,Online
SALE-00598,2024-12-01,2024,12,Winter,CUST-0039,PRD-0042,Premium Sports Bra,Activewear,1,73.12,0.1,73.12,65.81,Mobile App
SALE-00599,2024-12-02,2024,12,Winter,CUST-0011,PRD-0008,Premium Polo Shirt,Tops,3,37.93,0.1,113.79,102.41,In-Store
SALE-00600,2024-12-02,2024,12,Winter,CUST-0080,PRD-0054,Premium Flip Flops,Footwear,2,150.32,0.1,300.64,270.58,Mobile App
SALE-00601,2024-12-03,2024,12,Winter,CUST-0062,PRD-0006,Premium Tank Top,Tops,2,44.5,0.0,89.0,89.0,Online
SALE-00602,2024-12-03,2024,12,Winter,CUST-0004,PRD-0008,Premium Polo Shirt,Tops,1,37.93,0.2,37.93,30.34,In-Store
SALE-00603,2024-12-03,2024,12,Winter,CUST-0072,PRD-0043,Basic Running Shorts,Activewear,1,57.4,0.0,57.4,57.4,Mobile App
SALE-00604,2024-12-03,2024,12,Winter,CUST-0014,PRD-0048,Premium Sandals,Footwear,1,87.64,0.0,87.64,87.64,Online
SALE-00605,2024-12-04,2024,12,Winter,CUST-0073,PRD-0030,Premium Winter Coat,Outerwear,1,191.36,0.0,191.36,191.36,Online
SALE-00606,2024-12-05,2024,12,Winter,CUST-0067,PRD-0018,Premium Trousers,Bottoms,1,65.4,0.0,65.4,65.4,In-Store
SALE-00607,2024-12-05,2024,12,Winter,CUST-0062,PRD-0034,Premium Puffer Jacket,Outerwear,1,115.0,0.0,115.0,115.0,Mobile App
SALE-00608,2024-12-05,2024,12,Winter,CUST-0008,PRD-0043,Basic Running Shorts,Activewear,2,57.4,0.2,114.8,91.84,Mobile App
SALE-00609,2024-12-06,2024,12,Winter,CUST-0043,PRD-0068,Premium Bikini,Swimwear,1,48.17,0.0,48.17,48.17,Mobile App
SALE-00610,2024-12-07,2024,12,Winter,CUST-0045,PRD-0061,Basic Beanie,Accessories,1,25.12,0.0,25.12,25.12,In-Store
SALE-00611,2024-12-07,2024,12,Winter,CUST-0049,PRD-0067,Basic Bikini,Swimwear,2,31.73,0.1,63.46,57.11,In-Store
SALE-00612,2024-12-07,2024,12,Winter,CUST-0012,PRD-0011,Basic Jeans,Bottoms,1,28.68,0.1,28.68,25.81,Mobile App
SALE-00613,2024-12-07,2024,12,Winter,CUST-0059,PRD-0024,Premium Maxi Dress,Dresses,1,139.05,0.0,139.05,139.05,Online
SALE-00614,2024-12-08,2024,12,Winter,CUST-0070,PRD-0001,Basic T-Shirt,Tops,1,26.93,0.0,26.93,26.93,Mobile App
SALE-00615,2024-12-08,2024,12,Winter,CUST-0044,PRD-0052,Premium Boots,Footwear,1,167.32,0.0,167.32,167.32,Mobile App
SALE-00616,2024-12-09,2024,12,Winter,CUST-0020,PRD-0043,Basic Running Shorts,Activewear,1,57.4,0.0,57.4,57.4,Online
SALE-00617,2024-12-09,2024,12,Winter,CUST-0069,PRD-0024,Premium Maxi Dress,Dresses,1,139.05,0.1,139.05,125.15,Online
SALE-00618,2024-12-09,2024,12,Winter,CUST-0005,PRD-0031,Basic Denim Jacket,Outerwear,1,206.78,0.0,206.78,206.78,In-Store
SALE-00619,2024-12-10,2024,12,Winter,CUST-0055,PRD-0046,Premium Track Jacket,Activewear,1,49.41,0.1,49.41,44.47,In-Store
SALE-00620,2024-12-11,2024,12,Winter,CUST-0036,PRD-0048,Premium Sandals,Footwear,2,87.64,0.1,175.28,157.75,In-Store
SALE-00621,2024-12-11,2024,12,Winter,CUST-0016,PRD-0058,Premium Sun Hat,Accessories,1,46.9,0.0,46.9,46.9,In-Store
SALE-00622,2024-12-11,2024,12,Winter,CUST-0034,PRD-0019,Basic Leggings,Bottoms,1,79.88,0.1,79.88,71.89,Mobile App
SALE-00623,2024-12-12,2024,12,Winter,CUST-0014,PRD-0016,Premium Skirt,Bottoms,1,48.68,0.0,48.68,48.68,In-Store
SALE-00624,2024-12-13,2024,12,Winter,CUST-0070,PRD-0062,Premium Beanie,Accessories,3,35.38,0.0,106.14,106.14,Online
SALE-00625,2024-12-13,2024,12,Winter,CUST-0030,PRD-0053,Basic Flip Flops,Footwear,1,120.55,0.1,120.55,108.5,Online
SALE-00626,2024-12-13,2024,12,Winter,CUST-0019,PRD-0066,Premium Sunglasses,Accessories,1,31.97,0.0,31.97,31.97,Online
SALE-00627,2024-12-13,2024,12,Winter,CUST-0023,PRD-0066,Premium Sunglasses,Accessories,2,31.97,0.1,63.94,57.55,In-Store
SALE-00628,2024-12-13,2024,12,Winter,CUST-0008,PRD-0033,Basic Puffer Jacket,Outerwear,3,119.01,0.0,357.03,357.03,Online
SALE-00629,2024-12-13,2024,12,Winter,CUST-0063,PRD-0035,Basic Trench Coat,Outerwear,2,154.38,0.0,308.76,308.76,In-Store
SALE-00630,2024-12-13,2024,12,Winter,CUST-0003,PRD-0072,Premium One-Piece Swimsuit,Swimwear,2,104.99,0.0,209.98,209.98,Mobile App
SALE-00631,2024-12-13,2024,12,Winter,CUST-0028,PRD-0048,Premium Sandals,Footwear,1,87.64,0.0,87.64,87.64,In-Store
SALE-00632,2024-12-14,2024,12,Winter,CUST-0078,PRD-0030,Premium Winter Coat,Outerwear,2,191.36,0.0,382.72,382.72,Online
SALE-00633,2024-12-15,2024,12,Winter,CUST-0059,PRD-0048,Premium Sandals,Footwear,1,87.64,0.1,87.64,78.88,In-Store
SALE-00634,2024-12-15,2024,12,Winter,CUST-0010,PRD-0019,Basic Leggings,Bottoms,1,79.88,0.1,79.88,71.89,In-Store
SALE-00635,2024-12-16,2024,12,Winter,CUST-0027,PRD-0039,Basic Yoga Pants,Activewear,1,21.99,0.0,21.99,21.99,Online
SALE-00636,2024-12-16,2024,12,Winter,CUST-0045,PRD-0050,Premium Sneakers,Footwear,2,70.35,0.0,140.7,140.7,Online
SALE-00637,2024-12-16,2024,12,Winter,CUST-0005,PRD-0017,Basic Trousers,Bottoms,1,79.19,0.1,79.19,71.27,In-Store
SALE-00638,2024-12-16,2024,12,Winter,CUST-0071,PRD-0049,Basic Sneakers,Footwear,1,117.43,0.0,117.43,117.43,Mobile App
SALE-00639,2024-12-16,2024,12,Winter,CUST-0072,PRD-0010,Premium Crop Top,Tops,1,42.82,0.1,42.82,38.54,In-Store
SALE-00640,2024-12-17,2024,12,Winter,CUST-0066,PRD-0059,Basic Scarf,Accessories,1,28.16,0.1,28.16,25.34,Online
SALE-00641,2024-12-17,2024,12,Winter,CUST-0009,PRD-0003,Basic Blouse,Tops,2,22.01,0.0,44.02,44.02,Mobile App
SALE-00642,2024-12-17,2024,12,Winter,CUST-0080,PRD-0010,Premium Crop Top,Tops,3,42.82,0.1,128.46,115.61,In-Store
SALE-00643,2024-12-18,2024,12,Winter,CUST-0042,PRD-0060,Premium Scarf,Accessories,3,20.13,0.2,60.39,48.31,Online
SALE-00644,2024-12-19,2024,12,Winter,CUST-0006,PRD-0056,Premium Loafers,Footwear,1,84.75,0.1,84.75,76.28,Online
SALE-00645,2024-12-20,2024,12,Winter,CUST-0010,PRD-0009,Basic Crop Top,Tops,1,22.4,0.0,22.4,22.4,Online
SALE-00646,2024-12-20,2024,12,Winter,CUST-0052,PRD-0044,Premium Running Shorts,Activewear,1,64.76,0.0,64.76,64.76,In-Store
SALE-00647,2024-12-21,2024,12,Winter,CUST-0015,PRD-0008,Premium Polo Shirt,Tops,1,37.93,0.2,37.93,30.34,Online
SALE-00648,2024-12-21,2024,12,Winter,CUST-0017,PRD-0007,Basic Polo Shirt,Tops,3,29.13,0.1,87.39,78.65,Mobile App
SALE-00649,2024-12-21,2024,12,Winter,CUST-0006,PRD-0049,Basic Sneakers,Footwear,1,117.43,0.1,117.43,105.69,Online
SALE-00650,2024-12-22,2024,12,Winter,CUST-0073,PRD-0046,Premium Track Jacket,Activewear,1,49.41,0.0,49.41,49.41,In-Store
SALE-00651,2024-12-22,2024,12,Winter,CUST-0065,PRD-0040,Premium Yoga Pants,Activewear,2,82.02,0.0,164.04,164.04,In-Store
SALE-00652,2024-12-22,2024,12,Winter,CUST-0026,PRD-0048,Premium Sandals,Footwear,3,87.64,0.0,262.92,262.92,Online
SALE-00653,2024-12-22,2024,12,Winter,CUST-0014,PRD-0006,Premium Tank Top,Tops,1,44.5,0.0,44.5,44.5,Online
SALE-00654,2024-12-22,2024,12,Winter,CUST-0018,PRD-0060,Premium Scarf,Accessories,4,20.13,0.1,80.52,72.47,In-Store
SALE-00655,2024-12-22,2024,12,Winter,CUST-0054,PRD-0040,Premium Yoga Pants,Activewear,4,82.02,0.0,328.08,328.08,Mobile App
SALE-00656,2024-12-23,2024,12,Winter,CUST-0017,PRD-0010,Premium Crop Top,Tops,1,42.82,0.0,42.82,42.82,Mobile App
SALE-00657,2024-12-23,2024,12,Winter,CUST-0057,PRD-0067,Basic Bikini,Swimwear,3,31.73,0.1,95.19,85.67,In-Store
SALE-00658,2024-12-23,2024,12,Winter,CUST-0007,PRD-0045,Basic Track Jacket,Activewear,2,54.66,0.1,109.32,98.39,In-Store
SALE-00659,2024-12-24,2024,12,Winter,CUST-0051,PRD-0060,Premium Scarf,Accessories,1,20.13,0.0,20.13,20.13,In-Store
SALE-00660,2024-12-25,2024,12,Winter,CUST-0070,PRD-0009,Basic Crop Top,Tops,1,22.4,0.0,22.4,22.4,In-Store
SALE-00661,2024-12-25,2024,12,Winter,CUST-0078,PRD-0012,Premium Jeans,Bottoms,2,106.38,0.0,212.76,212.76,In-Store
SALE-00662,2024-12-25,2024,12,Winter,CUST-0046,PRD-0048,Premium Sandals,Footwear,2,87.64,0.1,175.28,157.75,Online
SALE-00663,2024-12-25,2024,12,Winter,CUST-0030,PRD-0029,Basic Winter Coat,Outerwear,2,106.95,0.2,213.9,171.12,In-Store
SALE-00664,2024-12-26,2024,12,Winter,CUST-0053,PRD-0058,Premium Sun Hat,Accessories,3,46.9,0.0,140.7,140.7,In-Store
SALE-00665,2024-12-26,2024,12,Winter,CUST-0050,PRD-0026,Premium Cocktail Dress,Dresses,2,118.94,0.0,237.88,237.88,Online
SALE-00666,2024-12-26,2024,12,Winter,CUST-0033,PRD-0054,Premium Flip Flops,Footwear,1,150.32,0.0,150.32,150.32,Online
SALE-00667,2024-12-26,2024,12,Winter,CUST-0003,PRD-0008,Premium Polo Shirt,Tops,1,37.93,0.1,37.93,34.14,In-Store
SALE-00668,2024-12-27,2024,12,Winter,CUST-0079,PRD-0042,Premium Sports Bra,Activewear,1,73.12,0.0,73.12,73.12,In-Store
SALE-00669,2024-12-28,2024,12,Winter,CUST-0061,PRD-0046,Premium Track Jacket,Activewear,2,49.41,0.1,98.82,88.94,Online
SALE-00670,2024-12-28,2024,12,Winter,CUST-0012,PRD-0036,Premium Trench Coat,Outerwear,1,299.66,0.0,299.66,299.66,In-Store
SALE-00671,2024-12-28,2024,12,Winter,CUST-0021,PRD-0013,Basic Shorts,Bottoms,2,29.02,0.1,58.04,52.24,In-Store
SALE-00672,2024-12-29,2024,12,Winter,CUST-0076,PRD-0007,Basic Polo Shirt,Tops,3,29.13,0.0,87.39,87.39,Mobile App
SALE-00673,2024-12-29,2024,12,Winter,CUST-0059,PRD-0048,Premium Sandals,Footwear,4,87.64,0.0,350.56,350.56,In-Store
SALE-00674,2024-12-29,2024,12,Winter,CUST-0048,PRD-0068,Premium Bikini,Swimwear,1,48.17,0.0,48.17,48.17,In-Store
SALE-00675,2024-12-29,2024,12,Winter,CUST-0011,PRD-0065,Basic Sunglasses,Accessories,1,14.3,0.0,14.3,14.3,In-Store
SALE-00676,2024-12-30,2024,12,Winter,CUST-0077,PRD-0060,Premium Scarf,Accessories,1,20.13,0.0,20.13,20.13,Mobile App
SALE-00677,2024-12-30,2024,12,Winter,CUST-0017,PRD-0010,Premium Crop Top,Tops,1,42.82,0.1,42.82,38.54,In-Store
SALE-00678,2024-12-30,2024,12,Winter,CUST-0071,PRD-0020,Premium Leggings,Bottoms,2,38.24,0.0,76.48,76.48,In-Store
SALE-00679,2024-12-31,2024,12,Winter,CUST-0067,PRD-0001,Basic T-Shirt,Tops,1,26.93,0.0,26.93,26.93,In-Store
SALE-00680,2024-12-31,2024,12,Winter,CUST-0010,PRD-0057,Basic Sun Hat,Accessories,1,22.55,0.0,22.55,22.55,In-Store
SALE-00681,2024-12-31,2024,12,Winter,CUST-0053,PRD-0060,Premium Scarf,Accessories,3,20.13,0.1,60.39,54.35,Online
SALE-00682,2025-01-01,2025,1,Winter,CUST-0034,PRD-0053,Basic Flip Flops,Footwear,4,120.55,0.2,482.2,385.76,In-Store
SALE-00683,2025-01-02,2025,1,Winter,CUST-0048,PRD-0064,Premium Belt,Accessories,1,52.98,0.0,52.98,52.98,In-Store
SALE-00684,2025-01-02,2025,1,Winter,CUST-0016,PRD-0017,Basic Trousers,Bottoms,1,79.19,0.0,79.19,79.19,In-Store
SALE-00685,2025-01-03,2025,1,Winter,CUST-0050,PRD-0005,Basic Tank Top,Tops,1,39.45,0.1,39.45,35.51,In-Store
SALE-00686,2025-01-03,2025,1,Winter,CUST-0007,PRD-0053,Basic Flip Flops,Footwear,1,120.55,0.0,120.55,120.55,In-Store
SALE-00687,2025-01-03,2025,1,Winter,CUST-0031,PRD-0038,Premium Cardigan,Outerwear,2,206.33,0.0,412.66,412.66,In-Store
SALE-00688,2025-01-05,2025,1,Winter,CUST-0001,PRD-0010,Premium Crop Top,Tops,1,42.82,0.2,42.82,34.26,In-Store
SALE-00689,2025-01-05,2025,1,Winter,CUST-0023,PRD-0006,Premium Tank Top,Tops,3,44.5,0.0,133.5,133.5,In-Store
SALE-00690,2025-01-05,2025,1,Winter,CUST-0067,PRD-0030,Premium Winter Coat,Outerwear,3,191.36,0.0,574.08,574.08,In-Store
SALE-00691,2025-01-05,2025,1,Winter,CUST-0042,PRD-0014,Premium Shorts,Bottoms,1,58.96,0.0,58.96,58.96,Online
SALE-00692,2025-01-06,2025,1,Winter,CUST-0049,PRD-0047,Basic Sandals,Footwear,1,111.68,0.0,111.68,111.68,In-Store
SALE-00693,2025-01-06,2025,1,Winter,CUST-0058,PRD-0057,Basic Sun Hat,Accessories,1,22.55,0.0,22.55,22.55,Mobile App
SALE-00694,2025-01-06,2025,1,Winter,CUST-0066,PRD-0051,Basic Boots,Footwear,3,82.09,0.0,246.27,246.27,In-Store
SALE-00695,2025-01-06,2025,1,Winter,CUST-0030,PRD-0048,Premium Sandals,Footwear,2,87.64,0.1,175.28,157.75,Online
SALE-00696,2025-01-07,2025,1,Winter,CUST-0044,PRD-0029,Basic Winter Coat,Outerwear,2,106.95,0.0,213.9,213.9,Online
SALE-00697,2025-01-08,2025,1,Winter,CUST-0016,PRD-0063,Basic Belt,Accessories,1,20.59,0.0,20.59,20.59,Online
SALE-00698,2025-01-08,2025,1,Winter,CUST-0048,PRD-0015,Basic Skirt,Bottoms,2,38.55,0.0,77.1,77.1,Online
SALE-00699,2025-01-09,2025,1,Winter,CUST-0019,PRD-0058,Premium Sun Hat,Accessories,2,46.9,0.0,93.8,93.8,In-Store
SALE-00700,2025-01-10,2025,1,Winter,CUST-0011,PRD-0012,Premium Jeans,Bottoms,4,106.38,0.0,425.52,425.52,Online
SALE-00701,2025-01-10,2025,1,Winter,CUST-0015,PRD-0040,Premium Yoga Pants,Activewear,1,82.02,0.1,82.02,73.82,Mobile App
SALE-00702,2025-01-11,2025,1,Winter,CUST-0070,PRD-0014,Premium Shorts,Bottoms,1,58.96,0.0,58.96,58.96,In-Store
SALE-00703,2025-01-11,2025,1,Winter,CUST-0019,PRD-0017,Basic Trousers,Bottoms,2,79.19,0.0,158.38,158.38,In-Store
SALE-00704,2025-01-11,2025,1,Winter,CUST-0052,PRD-0018,Premium Trousers,Bottoms,2,65.4,0.0,130.8,130.8,Mobile App
SALE-00705,2025-01-11,2025,1,Winter,CUST-0029,PRD-0054,Premium Flip Flops,Footwear,2,150.32,0.1,300.64,270.58,Mobile App
SALE-00706,2025-01-12,2025,1,Winter,CUST-0039,PRD-0003,Basic Blouse,Tops,3,22.01,0.1,66.03,59.43,In-Store
SALE-00707,2025-01-12,2025,1,Winter,CUST-0021,PRD-0056,Premium Loafers,Footwear,1,84.75,0.0,84.75,84.75,Mobile App
SALE-00708,2025-01-12,2025,1,Winter,CUST-0017,PRD-0005,Basic Tank Top,Tops,1,39.45,0.0,39.45,39.45,Online
SALE-00709,2025-01-13,2025,1,Winter,CUST-0047,PRD-0058,Premium Sun Hat,Accessories,1,46.9,0.0,46.9,46.9,In-Store
SALE-00710,2025-01-13,2025,1,Winter,CUST-0052,PRD-0011,Basic Jeans,Bottoms,1,28.68,0.0,28.68,28.68,In-Store
SALE-00711,2025-01-13,2025,1,Winter,CUST-0013,PRD-0057,Basic Sun Hat,Accessories,3,22.55,0.0,67.65,67.65,Online
SALE-00712,2025-01-14,2025,1,Winter,CUST-0005,PRD-0041,Basic Sports Bra,Activewear,2,46.62,0.0,93.24,93.24,Online
SALE-00713,2025-01-14,2025,1,Winter,CUST-0055,PRD-0064,Premium Belt,Accessories,1,52.98,0.0,52.98,52.98,In-Store
SALE-00714,2025-01-14,2025,1,Winter,CUST-0051,PRD-0053,Basic Flip Flops,Footwear,2,120.55,0.0,241.1,241.1,In-Store
SALE-00715,2025-01-15,2025,1,Winter,CUST-0060,PRD-0048,Premium Sandals,Footwear,2,87.64,0.0,175.28,175.28,Mobile App
SALE-00716,2025-01-15,2025,1,Winter,CUST-0072,PRD-0052,Premium Boots,Footwear,1,167.32,0.1,167.32,150.59,Mobile App
SALE-00717,2025-01-16,2025,1,Winter,CUST-0031,PRD-0027,Basic Wrap Dress,Dresses,1,63.72,0.0,63.72,63.72,In-Store
SALE-00718,2025-01-16,2025,1,Winter,CUST-0042,PRD-0046,Premium Track Jacket,Activewear,3,49.41,0.0,148.23,148.23,In-Store
SALE-00719,2025-01-16,2025,1,Winter,CUST-0008,PRD-0041,Basic Sports Bra,Activewear,1,46.62,0.2,46.62,37.3,In-Store
SALE-00720,2025-01-17,2025,1,Winter,CUST-0051,PRD-0034,Premium Puffer Jacket,Outerwear,1,115.0,0.0,115.0,115.0,In-Store
SALE-00721,2025-01-18,2025,1,Winter,CUST-0039,PRD-0064,Premium Belt,Accessories,1,52.98,0.0,52.98,52.98,In-Store
SALE-00722,2025-01-18,2025,1,Winter,CUST-0047,PRD-0034,Premium Puffer Jacket,Outerwear,1,115.0,0.0,115.0,115.0,Online
SALE-00723,2025-01-18,2025,1,Winter,CUST-0020,PRD-0049,Basic Sneakers,Footwear,1,117.43,0.2,117.43,93.94,In-Store
SALE-00724,2025-01-19,2025,1,Winter,CUST-0057,PRD-0056,Premium Loafers,Footwear,2,84.75,0.0,169.5,169.5,In-Store
SALE-00725,2025-01-22,2025,1,Winter,CUST-0052,PRD-0061,Basic Beanie,Accessories,2,25.12,0.2,50.24,40.19,Online
SALE-00726,2025-01-23,2025,1,Winter,CUST-0055,PRD-0039,Basic Yoga Pants,Activewear,1,21.99,0.0,21.99,21.99,Online
SALE-00727,2025-01-25,2025,1,Winter,CUST-0034,PRD-0017,Basic Trousers,Bottoms,2,79.19,0.0,158.38,158.38,Online
SALE-00728,2025-01-26,2025,1,Winter,CUST-0034,PRD-0041,Basic Sports Bra,Activewear,3,46.62,0.0,139.86,139.86,In-Store
SALE-00729,2025-01-26,2025,1,Winter,CUST-0009,PRD-0043,Basic Running Shorts,Activewear,1,57.4,0.1,57.4,51.66,Online
SALE-00730,2025-01-27,2025,1,Winter,CUST-0074,PRD-0040,Premium Yoga Pants,Activewear,3,82.02,0.1,246.06,221.45,In-Store
SALE-00731,2025-01-29,2025,1,Winter,CUST-0077,PRD-0037,Basic Cardigan,Outerwear,1,176.88,0.0,176.88,176.88,Mobile App
SALE-00732,2025-01-29,2025,1,Winter,CUST-0029,PRD-0002,Premium T-Shirt,Tops,2,25.33,0.0,50.66,50.66,In-Store
SALE-00733,2025-01-29,2025,1,Winter,CUST-0031,PRD-0051,Basic Boots,Footwear,3,82.09,0.1,246.27,221.64,In-Store
SALE-00734,2025-01-29,2025,1,Winter,CUST-0057,PRD-0048,Premium Sandals,Footwear,2,87.64,0.0,175.28,175.28,In-Store
SALE-00735,2025-01-30,2025,1,Winter,CUST-0050,PRD-0011,Basic Jeans,Bottoms,2,28.68,0.0,57.36,57.36,Online
SALE-00736,2025-01-30,2025,1,Winter,CUST-0023,PRD-0047,Basic Sandals,Footwear,1,111.68,0.1,111.68,100.51,In-Store
SALE-00737,2025-01-30,2025,1,Winter,CUST-0051,PRD-0048,Premium Sandals,Footwear,3,87.64,0.0,262.92,262.92,In-Store
SALE-00738,2025-01-30,2025,1,Winter,CUST-0038,PRD-0009,Basic Crop Top,Tops,2,22.4,0.2,44.8,35.84,In-Store
SALE-00739,2025-01-31,2025,1,Winter,CUST-0021,PRD-0011,Basic Jeans,Bottoms,1,28.68,0.1,28.68,25.81,In-Store
SALE-00740,2025-02-01,2025,2,Winter,CUST-0043,PRD-0065,Basic Sunglasses,Accessories,3,14.3,0.0,42.9,42.9,In-Store
SALE-00741,2025-02-01,2025,2,Winter,CUST-0070,PRD-0003,Basic Blouse,Tops,1,22.01,0.2,22.01,17.61,In-Store
SALE-00742,2025-02-02,2025,2,Winter,CUST-0026,PRD-0050,Premium Sneakers,Footwear,1,70.35,0.0,70.35,70.35,Online
SALE-00743,2025-02-03,2025,2,Winter,CUST-0053,PRD-0041,Basic Sports Bra,Activewear,4,46.62,0.0,186.48,186.48,In-Store
SALE-00744,2025-02-03,2025,2,Winter,CUST-0067,PRD-0012,Premium Jeans,Bottoms,1,106.38,0.0,106.38,106.38,Online
SALE-00745,2025-02-04,2025,2,Winter,CUST-0032,PRD-0062,Premium Beanie,Accessories,2,35.38,0.1,70.76,63.68,In-Store
SALE-00746,2025-02-05,2025,2,Winter,CUST-0022,PRD-0044,Premium Running Shorts,Activewear,1,64.76,0.0,64.76,64.76,In-Store
SALE-00747,2025-02-05,2025,2,Winter,CUST-0023,PRD-0048,Premium Sandals,Footwear,2,87.64,0.2,175.28,140.22,In-Store
SALE-00748,2025-02-06,2025,2,Winter,CUST-0021,PRD-0014,Premium Shorts,Bottoms,2,58.96,0.0,117.92,117.92,In-Store
SALE-00749,2025-02-06,2025,2,Winter,CUST-0046,PRD-0051,Basic Boots,Footwear,1,82.09,0.0,82.09,82.09,Online
SALE-00750,2025-02-06,2025,2,Winter,CUST-0050,PRD-0049,Basic Sneakers,Footwear,3,117.43,0.0,352.29,352.29,Online
SALE-00751,2025-02-06,2025,2,Winter,CUST-0010,PRD-0052,Premium Boots,Footwear,1,167.32,0.0,167.32,167.32,In-Store
SALE-00752,2025-02-06,2025,2,Winter,CUST-0001,PRD-0047,Basic Sandals,Footwear,1,111.68,0.1,111.68,100.51,In-Store
SALE-00753,2025-02-07,2025,2,Winter,CUST-0001,PRD-0020,Premium Leggings,Bottoms,2,38.24,0.0,76.48,76.48,In-Store
SALE-00754,2025-02-07,2025,2,Winter,CUST-0075,PRD-0022,Premium Sundress,Dresses,1,50.32,0.0,50.32,50.32,In-Store
SALE-00755,2025-02-08,2025,2,Winter,CUST-0022,PRD-0067,Basic Bikini,Swimwear,1,31.73,0.0,31.73,31.73,In-Store
SALE-00756,2025-02-08,2025,2,Winter,CUST-0051,PRD-0063,Basic Belt,Accessories,3,20.59,0.1,61.77,55.59,In-Store
SALE-00757,2025-02-09,2025,2,Winter,CUST-0012,PRD-0041,Basic Sports Bra,Activewear,2,46.62,0.2,93.24,74.59,In-Store
SALE-00758,2025-02-09,2025,2,Winter,CUST-0041,PRD-0015,Basic Skirt,Bottoms,1,38.55,0.2,38.55,30.84,In-Store
SALE-00759,2025-02-09,2025,2,Winter,CUST-0076,PRD-0056,Premium Loafers,Footwear,3,84.75,0.0,254.25,254.25,Online
SALE-00760,2025-02-10,2025,2,Winter,CUST-0034,PRD-0051,Basic Boots,Footwear,2,82.09,0.1,164.18,147.76,In-Store
SALE-00761,2025-02-10,2025,2,Winter,CUST-0013,PRD-0040,Premium Yoga Pants,Activewear,2,82.02,0.0,164.04,164.04,In-Store
SALE-00762,2025-02-11,2025,2,Winter,CUST-0010,PRD-0054,Premium Flip Flops,Footwear,1,150.32,0.0,150.32,150.32,In-Store
SALE-00763,2025-02-11,2025,2,Winter,CUST-0070,PRD-0061,Basic Beanie,Accessories,1,25.12,0.1,25.12,22.61,In-Store
SALE-00764,2025-02-12,2025,2,Winter,CUST-0063,PRD-0036,Premium Trench Coat,Outerwear,1,299.66,0.0,299.66,299.66,In-Store
SALE-00765,2025-02-12,2025,2,Winter,CUST-0080,PRD-0009,Basic Crop Top,Tops,4,22.4,0.0,89.6,89.6,In-Store
SALE-00766,2025-02-12,2025,2,Winter,CUST-0052,PRD-0017,Basic Trousers,Bottoms,2,79.19,0.0,158.38,158.38,Online
SALE-00767,2025-02-13,2025,2,Winter,CUST-0050,PRD-0018,Premium Trousers,Bottoms,1,65.4,0.0,65.4,65.4,Mobile App
SALE-00768,2025-02-13,2025,2,Winter,CUST-0049,PRD-0056,Premium Loafers,Footwear,1,84.75,0.0,84.75,84.75,In-Store
SALE-00769,2025-02-15,2025,2,Winter,CUST-0008,PRD-0028,Premium Wrap Dress,Dresses,3,68.7,0.1,206.1,185.49,In-Store
SALE-00770,2025-02-15,2025,2,Winter,CUST-0063,PRD-0058,Premium Sun Hat,Accessories,1,46.9,0.0,46.9,46.9,In-Store
SALE-00771,2025-02-15,2025,2,Winter,CUST-0008,PRD-0039,Basic Yoga Pants,Activewear,1,21.99,0.0,21.99,21.99,Online
SALE-00772,2025-02-16,2025,2,Winter,CUST-0042,PRD-0066,Premium Sunglasses,Accessories,2,31.97,0.0,63.94,63.94,In-Store
SALE-00773,2025-02-17,2025,2,Winter,CUST-0018,PRD-0013,Basic Shorts,Bottoms,1,29.02,0.1,29.02,26.12,Online
SALE-00774,2025-02-18,2025,2,Winter,CUST-0012,PRD-0002,Premium T-Shirt,Tops,1,25.33,0.0,25.33,25.33,In-Store
SALE-00775,2025-02-18,2025,2,Winter,CUST-0046,PRD-0016,Premium Skirt,Bottoms,2,48.68,0.0,97.36,97.36,Online
SALE-00776,2025-02-18,2025,2,Winter,CUST-0027,PRD-0065,Basic Sunglasses,Accessories,1,14.3,0.0,14.3,14.3,Mobile App
SALE-00777,2025-02-19,2025,2,Winter,CUST-0041,PRD-0020,Premium Leggings,Bottoms,2,38.24,0.1,76.48,68.83,Online
SALE-00778,2025-02-19,2025,2,Winter,CUST-0036,PRD-0061,Basic Beanie,Accessories,1,25.12,0.0,25.12,25.12,In-Store
SALE-00779,2025-02-20,2025,2,Winter,CUST-0027,PRD-0015,Basic Skirt,Bottoms,1,38.55,0.0,38.55,38.55,Online
SALE-00780,2025-02-21,2025,2,Winter,CUST-0067,PRD-0003,Basic Blouse,Tops,2,22.01,0.2,44.02,35.22,Mobile App
SALE-00781,2025-02-24,2025,2,Winter,CUST-0051,PRD-0027,Basic Wrap Dress,Dresses,1,63.72,0.0,63.72,63.72,Online
SALE-00782,2025-02-24,2025,2,Winter,CUST-0045,PRD-0011,Basic Jeans,Bottoms,1,28.68,0.0,28.68,28.68,Online
SALE-00783,2025-02-24,2025,2,Winter,CUST-0068,PRD-0020,Premium Leggings,Bottoms,1,38.24,0.1,38.24,34.42,In-Store
SALE-00784,2025-02-24,2025,2,Winter,CUST-0058,PRD-0032,Premium Denim Jacket,Outerwear,2,176.16,0.0,352.32,352.32,Online
SALE-00785,2025-02-25,2025,2,Winter,CUST-0064,PRD-0049,Basic Sneakers,Footwear,1,117.43,0.0,117.43,117.43,In-Store
SALE-00786,2025-02-25,2025,2,Winter,CUST-0056,PRD-0017,Basic Trousers,Bottoms,4,79.19,0.0,316.76,316.76,In-Store
SALE-00787,2025-02-28,2025,2,Winter,CUST-0072,PRD-0047,Basic Sandals,Footwear,1,111.68,0.0,111.68,111.68,In-Store
SALE-00788,2025-02-28,2025,2,Winter,CUST-0051,PRD-0056,Premium Loafers,Footwear,1,84.75,0.0,84.75,84.75,Mobile App
SALE-00789,2025-02-28,2025,2,Winter,CUST-0018,PRD-0047,Basic Sandals,Footwear,2,111.68,0.0,223.36,223.36,Online
SALE-00790,2025-02-28,2025,2,Winter,CUST-0054,PRD-0036,Premium Trench Coat,Outerwear,3,299.66,0.0,898.98,898.98,Online
SALE-00791,2025-02-28,2025,2,Winter,CUST-0073,PRD-0012,Premium Jeans,Bottoms,1,106.38,0.0,106.38,106.38,In-Store
SALE-00792,2025-03-01,2025,3,Spring,CUST-0074,PRD-0040,Premium Yoga Pants,Activewear,2,82.02,0.0,164.04,164.04,Mobile App
SALE-00793,2025-03-01,2025,3,Spring,CUST-0013,PRD-0050,Premium Sneakers,Footwear,2,70.35,0.0,140.7,140.7,Online
SALE-00794,2025-03-02,2025,3,Spring,CUST-0060,PRD-0068,Premium Bikini,Swimwear,2,48.17,0.1,96.34,86.71,In-Store
SALE-00795,2025-03-03,2025,3,Spring,CUST-0009,PRD-0023,Basic Maxi Dress,Dresses,3,59.74,0.0,179.22,179.22,Mobile App
SALE-00796,2025-03-03,2025,3,Spring,CUST-0079,PRD-0068,Premium Bikini,Swimwear,1,48.17,0.2,48.17,38.54,In-Store
SALE-00797,2025-03-04,2025,3,Spring,CUST-0040,PRD-0053,Basic Flip Flops,Footwear,1,120.55,0.0,120.55,120.55,In-Store
SALE-00798,2025-03-06,2025,3,Spring,CUST-0025,PRD-0068,Premium Bikini,Swimwear,4,48.17,0.0,192.68,192.68,In-Store
SALE-00799,2025-03-06,2025,3,Spring,CUST-0040,PRD-0055,Basic Loafers,Footwear,3,120.3,0.0,360.9,360.9,Online
SALE-00800,2025-03-06,2025,3,Spring,CUST-0045,PRD-0054,Premium Flip Flops,Footwear,2,150.32,0.0,300.64,300.64,Online
SALE-00801,2025-03-07,2025,3,Spring,CUST-0052,PRD-0004,Premium Blouse,Tops,1,61.37,0.0,61.37,61.37,In-Store
SALE-00802,2025-03-07,2025,3,Spring,CUST-0035,PRD-0060,Premium Scarf,Accessories,2,20.13,0.0,40.26,40.26,Online
SALE-00803,2025-03-08,2025,3,Spring,CUST-0044,PRD-0044,Premium Running Shorts,Activewear,1,64.76,0.0,64.76,64.76,In-Store
SALE-00804,2025-03-09,2025,3,Spring,CUST-0058,PRD-0037,Basic Cardigan,Outerwear,2,176.88,0.0,353.76,353.76,Mobile App
SALE-00805,2025-03-09,2025,3,Spring,CUST-0002,PRD-0010,Premium Crop Top,Tops,1,42.82,0.1,42.82,38.54,In-Store
SALE-00806,2025-03-09,2025,3,Spring,CUST-0009,PRD-0049,Basic Sneakers,Footwear,1,117.43,0.0,117.43,117.43,Online
SALE-00807,2025-03-09,2025,3,Spring,CUST-0079,PRD-0033,Basic Puffer Jacket,Outerwear,1,119.01,0.0,119.01,119.01,In-Store
SALE-00808,2025-03-11,2025,3,Spring,CUST-0039,PRD-0053,Basic Flip Flops,Footwear,3,120.55,0.0,361.65,361.65,Online
SALE-00809,2025-03-11,2025,3,Spring,CUST-0031,PRD-0039,Basic Yoga Pants,Activewear,1,21.99,0.1,21.99,19.79,In-Store
SALE-00810,2025-03-11,2025,3,Spring,CUST-0041,PRD-0055,Basic Loafers,Footwear,4,120.3,0.0,481.2,481.2,In-Store
SALE-00811,2025-03-12,2025,3,Spring,CUST-0061,PRD-0029,Basic Winter Coat,Outerwear,1,106.95,0.0,106.95,106.95,In-Store
SALE-00812,2025-03-12,2025,3,Spring,CUST-0003,PRD-0061,Basic Beanie,Accessories,1,25.12,0.1,25.12,22.61,Online
SALE-00813,2025-03-12,2025,3,Spring,CUST-0015,PRD-0045,Basic Track Jacket,Activewear,4,54.66,0.0,218.64,218.64,In-Store
SALE-00814,2025-03-13,2025,3,Spring,CUST-0055,PRD-0071,Basic One-Piece Swimsuit,Swimwear,2,29.51,0.1,59.02,53.12,In-Store
SALE-00815,2025-03-13,2025,3,Spring,CUST-0069,PRD-0005,Basic Tank Top,Tops,1,39.45,0.1,39.45,35.51,In-Store
SALE-00816,2025-03-13,2025,3,Spring,CUST-0046,PRD-0045,Basic Track Jacket,Activewear,1,54.66,0.0,54.66,54.66,In-Store
SALE-00817,2025-03-13,2025,3,Spring,CUST-0050,PRD-0058,Premium Sun Hat,Accessories,4,46.9,0.1,187.6,168.84,Online
SALE-00818,2025-03-14,2025,3,Spring,CUST-0045,PRD-0013,Basic Shorts,Bottoms,1,29.02,0.0,29.02,29.02,In-Store
SALE-00819,2025-03-14,2025,3,Spring,CUST-0003,PRD-0015,Basic Skirt,Bottoms,2,38.55,0.0,77.1,77.1,Online
SALE-00820,2025-03-16,2025,3,Spring,CUST-0061,PRD-0012,Premium Jeans,Bottoms,1,106.38,0.0,106.38,106.38,In-Store
SALE-00821,2025-03-17,2025,3,Spring,CUST-0052,PRD-0025,Basic Cocktail Dress,Dresses,1,95.42,0.0,95.42,95.42,In-Store
SALE-00822,2025-03-18,2025,3,Spring,CUST-0025,PRD-0045,Basic Track Jacket,Activewear,1,54.66,0.0,54.66,54.66,Online
SALE-00823,2025-03-18,2025,3,Spring,CUST-0021,PRD-0025,Basic Cocktail Dress,Dresses,2,95.42,0.0,190.84,190.84,Online
SALE-00824,2025-03-18,2025,3,Spring,CUST-0047,PRD-0053,Basic Flip Flops,Footwear,1,120.55,0.1,120.55,108.5,In-Store
SALE-00825,2025-03-18,2025,3,Spring,CUST-0028,PRD-0008,Premium Polo Shirt,Tops,2,37.93,0.1,75.86,68.27,In-Store
SALE-00826,2025-03-19,2025,3,Spring,CUST-0022,PRD-0040,Premium Yoga Pants,Activewear,1,82.02,0.1,82.02,73.82,Online
SALE-00827,2025-03-19,2025,3,Spring,CUST-0022,PRD-0007,Basic Polo Shirt,Tops,1,29.13,0.0,29.13,29.13,In-Store
SALE-00828,2025-03-19,2025,3,Spring,CUST-0007,PRD-0009,Basic Crop Top,Tops,1,22.4,0.0,22.4,22.4,In-Store
SALE-00829,2025-03-20,2025,3,Spring,CUST-0026,PRD-0023,Basic Maxi Dress,Dresses,2,59.74,0.0,119.48,119.48,In-Store
SALE-00830,2025-03-20,2025,3,Spring,CUST-0074,PRD-0018,Premium Trousers,Bottoms,4,65.4,0.1,261.6,235.44,Online
SALE-00831,2025-03-20,2025,3,Spring,CUST-0061,PRD-0014,Premium Shorts,Bottoms,2,58.96,0.0,117.92,117.92,In-Store
SALE-00832,2025-03-20,2025,3,Spring,CUST-0072,PRD-0035,Basic Trench Coat,Outerwear,2,154.38,0.2,308.76,247.01,Mobile App
SALE-00833,2025-03-20,2025,3,Spring,CUST-0007,PRD-0053,Basic Flip Flops,Footwear,1,120.55,0.1,120.55,108.5,In-Store
SALE-00834,2025-03-21,2025,3,Spring,CUST-0080,PRD-0012,Premium Jeans,Bottoms,1,106.38,0.1,106.38,95.74,Mobile App
SALE-00835,2025-03-21,2025,3,Spring,CUST-0028,PRD-0050,Premium Sneakers,Footwear,2,70.35,0.0,140.7,140.7,Mobile App
SALE-00836,2025-03-23,2025,3,Spring,CUST-0066,PRD-0067,Basic Bikini,Swimwear,2,31.73,0.1,63.46,57.11,Online
SALE-00837,2025-03-23,2025,3,Spring,CUST-0002,PRD-0046,Premium Track Jacket,Activewear,1,49.41,0.0,49.41,49.41,In-Store
SALE-00838,2025-03-23,2025,3,Spring,CUST-0040,PRD-0006,Premium Tank Top,Tops,3,44.5,0.0,133.5,133.5,In-Store
SALE-00839,2025-03-24,2025,3,Spring,CUST-0043,PRD-0056,Premium Loafers,Footwear,1,84.75,0.0,84.75,84.75,Online
SALE-00840,2025-03-24,2025,3,Spring,CUST-0011,PRD-0028,Premium Wrap Dress,Dresses,1,68.7,0.1,68.7,61.83,Online
SALE-00841,2025-03-24,2025,3,Spring,CUST-0046,PRD-0068,Premium Bikini,Swimwear,1,48.17,0.1,48.17,43.35,Online
SALE-00842,2025-03-25,2025,3,Spring,CUST-0032,PRD-0031,Basic Denim Jacket,Outerwear,1,206.78,0.2,206.78,165.42,In-Store
SALE-00843,2025-03-25,2025,3,Spring,CUST-0031,PRD-0039,Basic Yoga Pants,Activewear,1,21.99,0.1,21.99,19.79,In-Store
SALE-00844,2025-03-25,2025,3,Spring,CUST-0076,PRD-0031,Basic Denim Jacket,Outerwear,1,206.78,0.2,206.78,165.42,Online
SALE-00845,2025-03-26,2025,3,Spring,CUST-0061,PRD-0069,Basic Swim Trunks,Swimwear,1,22.04,0.0,22.04,22.04,In-Store
SALE-00846,2025-03-27,2025,3,Spring,CUST-0010,PRD-0009,Basic Crop Top,Tops,2,22.4,0.0,44.8,44.8,In-Store
SALE-00847,2025-03-27,2025,3,Spring,CUST-0020,PRD-0064,Premium Belt,Accessories,1,52.98,0.2,52.98,42.38,In-Store
SALE-00848,2025-03-28,2025,3,Spring,CUST-0001,PRD-0066,Premium Sunglasses,Accessories,1,31.97,0.0,31.97,31.97,In-Store
SALE-00849,2025-03-28,2025,3,Spring,CUST-0034,PRD-0046,Premium Track Jacket,Activewear,3,49.41,0.0,148.23,148.23,Online
SALE-00850,2025-03-28,2025,3,Spring,CUST-0066,PRD-0057,Basic Sun Hat,Accessories,1,22.55,0.0,22.55,22.55,Online
SALE-00851,2025-03-29,2025,3,Spring,CUST-0005,PRD-0066,Premium Sunglasses,Accessories,3,31.97,0.0,95.91,95.91,In-Store
SALE-00852,2025-03-31,2025,3,Spring,CUST-0037,PRD-0015,Basic Skirt,Bottoms,3,38.55,0.0,115.65,115.65,In-Store
SALE-00853,2025-04-01,2025,4,Spring,CUST-0060,PRD-0013,Basic Shorts,Bottoms,1,29.02,0.0,29.02,29.02,In-Store
SALE-00854,2025-04-01,2025,4,Spring,CUST-0007,PRD-0048,Premium Sandals,Footwear,1,87.64,0.0,87.64,87.64,Online
SALE-00855,2025-04-01,2025,4,Spring,CUST-0026,PRD-0027,Basic Wrap Dress,Dresses,1,63.72,0.0,63.72,63.72,In-Store
SALE-00856,2025-04-01,2025,4,Spring,CUST-0043,PRD-0034,Premium Puffer Jacket,Outerwear,1,115.0,0.1,115.0,103.5,In-Store
SALE-00857,2025-04-01,2025,4,Spring,CUST-0038,PRD-0049,Basic Sneakers,Footwear,2,117.43,0.0,234.86,234.86,In-Store
SALE-00858,2025-04-01,2025,4,Spring,CUST-0039,PRD-0049,Basic Sneakers,Footwear,2,117.43,0.0,234.86,234.86,Online
SALE-00859,2025-04-02,2025,4,Spring,CUST-0065,PRD-0014,Premium Shorts,Bottoms,1,58.96,0.2,58.96,47.17,In-Store
SALE-00860,2025-04-02,2025,4,Spring,CUST-0032,PRD-0030,Premium Winter Coat,Outerwear,1,191.36,0.1,191.36,172.22,In-Store
SALE-00861,2025-04-03,2025,4,Spring,CUST-0038,PRD-0065,Basic Sunglasses,Accessories,1,14.3,0.0,14.3,14.3,Online
SALE-00862,2025-04-03,2025,4,Spring,CUST-0046,PRD-0030,Premium Winter Coat,Outerwear,1,191.36,0.0,191.36,191.36,In-Store
SALE-00863,2025-04-03,2025,4,Spring,CUST-0009,PRD-0058,Premium Sun Hat,Accessories,1,46.9,0.2,46.9,37.52,Online
SALE-00864,2025-04-04,2025,4,Spring,CUST-0026,PRD-0034,Premium Puffer Jacket,Outerwear,2,115.0,0.1,230.0,207.0,In-Store
SALE-00865,2025-04-04,2025,4,Spring,CUST-0072,PRD-0055,Basic Loafers,Footwear,3,120.3,0.0,360.9,360.9,In-Store
SALE-00866,2025-04-05,2025,4,Spring,CUST-0066,PRD-0057,Basic Sun Hat,Accessories,2,22.55,0.0,45.1,45.1,Mobile App
SALE-00867,2025-04-06,2025,4,Spring,CUST-0025,PRD-0044,Premium Running Shorts,Activewear,1,64.76,0.0,64.76,64.76,Mobile App
SALE-00868,2025-04-06,2025,4,Spring,CUST-0023,PRD-0008,Premium Polo Shirt,Tops,3,37.93,0.2,113.79,91.03,In-Store
SALE-00869,2025-04-06,2025,4,Spring,CUST-0056,PRD-0016,Premium Skirt,Bottoms,1,48.68,0.0,48.68,48.68,Online
SALE-00870,2025-04-06,2025,4,Spring,CUST-0014,PRD-0019,Basic Leggings,Bottoms,2,79.88,0.0,159.76,159.76,Mobile App
SALE-00871,2025-04-06,2025,4,Spring,CUST-0075,PRD-0001,Basic T-Shirt,Tops,1,26.93,0.0,26.93,26.93,Online
SALE-00872,2025-04-07,2025,4,Spring,CUST-0080,PRD-0017,Basic Trousers,Bottoms,3,79.19,0.0,237.57,237.57,In-Store
SALE-00873,2025-04-07,2025,4,Spring,CUST-0018,PRD-0066,Premium Sunglasses,Accessories,1,31.97,0.1,31.97,28.77,In-Store
SALE-00874,2025-04-08,2025,4,Spring,CUST-0028,PRD-0023,Basic Maxi Dress,Dresses,1,59.74,0.0,59.74,59.74,In-Store
SALE-00875,2025-04-09,2025,4,Spring,CUST-0020,PRD-0010,Premium Crop Top,Tops,1,42.82,0.0,42.82,42.82,In-Store
SALE-00876,2025-04-09,2025,4,Spring,CUST-0052,PRD-0002,Premium T-Shirt,Tops,1,25.33,0.1,25.33,22.8,In-Store
SALE-00877,2025-04-10,2025,4,Spring,CUST-0055,PRD-0057,Basic Sun Hat,Accessories,1,22.55,0.0,22.55,22.55,Online
SALE-00878,2025-04-10,2025,4,Spring,CUST-0030,PRD-0012,Premium Jeans,Bottoms,1,106.38,0.0,106.38,106.38,Online
SALE-00879,2025-04-11,2025,4,Spring,CUST-0012,PRD-0064,Premium Belt,Accessories,1,52.98,0.1,52.98,47.68,In-Store
SALE-00880,2025-04-11,2025,4,Spring,CUST-0044,PRD-0042,Premium Sports Bra,Activewear,2,73.12,0.1,146.24,131.62,In-Store
SALE-00881,2025-04-11,2025,4,Spring,CUST-0051,PRD-0052,Premium Boots,Footwear,3,167.32,0.0,501.96,501.96,In-Store
SALE-00882,2025-04-12,2025,4,Spring,CUST-0030,PRD-0052,Premium Boots,Footwear,1,167.32,0.0,167.32,167.32,Online
SALE-00883,2025-04-13,2025,4,Spring,CUST-0054,PRD-0044,Premium Running Shorts,Activewear,2,64.76,0.0,129.52,129.52,Online
SALE-00884,2025-04-13,2025,4,Spring,CUST-0048,PRD-0042,Premium Sports Bra,Activewear,1,73.12,0.0,73.12,73.12,In-Store
SALE-00885,2025-04-14,2025,4,Spring,CUST-0047,PRD-0014,Premium Shorts,Bottoms,2,58.96,0.0,117.92,117.92,In-Store
SALE-00886,2025-04-14,2025,4,Spring,CUST-0032,PRD-0037,Basic Cardigan,Outerwear,1,176.88,0.1,176.88,159.19,In-Store
SALE-00887,2025-04-14,2025,4,Spring,CUST-0046,PRD-0035,Basic Trench Coat,Outerwear,3,154.38,0.0,463.14,463.14,Online
SALE-00888,2025-04-14,2025,4,Spring,CUST-0002,PRD-0060,Premium Scarf,Accessories,2,20.13,0.0,40.26,40.26,Online
SALE-00889,2025-04-15,2025,4,Spring,CUST-0038,PRD-0064,Premium Belt,Accessories,1,52.98,0.0,52.98,52.98,In-Store
SALE-00890,2025-04-15,2025,4,Spring,CUST-0023,PRD-0003,Basic Blouse,Tops,1,22.01,0.0,22.01,22.01,In-Store
SALE-00891,2025-04-16,2025,4,Spring,CUST-0005,PRD-0028,Premium Wrap Dress,Dresses,2,68.7,0.0,137.4,137.4,In-Store
SALE-00892,2025-04-16,2025,4,Spring,CUST-0054,PRD-0066,Premium Sunglasses,Accessories,1,31.97,0.0,31.97,31.97,In-Store
SALE-00893,2025-04-16,2025,4,Spring,CUST-0075,PRD-0023,Basic Maxi Dress,Dresses,2,59.74,0.1,119.48,107.53,In-Store
SALE-00894,2025-04-17,2025,4,Spring,CUST-0021,PRD-0058,Premium Sun Hat,Accessories,2,46.9,0.0,93.8,93.8,In-Store
SALE-00895,2025-04-17,2025,4,Spring,CUST-0044,PRD-0066,Premium Sunglasses,Accessories,1,31.97,0.0,31.97,31.97,In-Store
SALE-00896,2025-04-19,2025,4,Spring,CUST-0054,PRD-0048,Premium Sandals,Footwear,1,87.64,0.0,87.64,87.64,Online
SALE-00897,2025-04-19,2025,4,Spring,CUST-0050,PRD-0004,Premium Blouse,Tops,3,61.37,0.0,184.11,184.11,In-Store
SALE-00898,2025-04-19,2025,4,Spring,CUST-0005,PRD-0027,Basic Wrap Dress,Dresses,4,63.72,0.1,254.88,229.39,In-Store
SALE-00899,2025-04-20,2025,4,Spring,CUST-0036,PRD-0017,Basic Trousers,Bottoms,1,79.19,0.0,79.19,79.19,Online
SALE-00900,2025-04-21,2025,4,Spring,CUST-0011,PRD-0045,Basic Track Jacket,Activewear,1,54.66,0.0,54.66,54.66,In-Store
SALE-00901,2025-04-22,2025,4,Spring,CUST-0068,PRD-0054,Premium Flip Flops,Footwear,2,150.32,0.0,300.64,300.64,In-Store
SALE-00902,2025-04-23,2025,4,Spring,CUST-0074,PRD-0049,Basic Sneakers,Footwear,1,117.43,0.1,117.43,105.69,Online
SALE-00903,2025-04-23,2025,4,Spring,CUST-0079,PRD-0056,Premium Loafers,Footwear,1,84.75,0.0,84.75,84.75,In-Store
SALE-00904,2025-04-23,2025,4,Spring,CUST-0011,PRD-0004,Premium Blouse,Tops,4,61.37,0.0,245.48,245.48,In-Store
SALE-00905,2025-04-24,2025,4,Spring,CUST-0021,PRD-0013,Basic Shorts,Bottoms,2,29.02,0.1,58.04,52.24,In-Store
SALE-00906,2025-04-25,2025,4,Spring,CUST-0051,PRD-0056,Premium Loafers,Footwear,4,84.75,0.1,339.0,305.1,Online
SALE-00907,2025-04-26,2025,4,Spring,CUST-0064,PRD-0037,Basic Cardigan,Outerwear,2,176.88,0.0,353.76,353.76,In-Store
SALE-00908,2025-04-27,2025,4,Spring,CUST-0037,PRD-0038,Premium Cardigan,Outerwear,3,206.33,0.1,618.99,557.09,Online
SALE-00909,2025-04-27,2025,4,Spring,CUST-0063,PRD-0062,Premium Beanie,Accessories,1,35.38,0.0,35.38,35.38,Mobile App
SALE-00910,2025-04-27,2025,4,Spring,CUST-0008,PRD-0014,Premium Shorts,Bottoms,1,58.96,0.0,58.96,58.96,In-Store
SALE-00911,2025-04-28,2025,4,Spring,CUST-0058,PRD-0053,Basic Flip Flops,Footwear,2,120.55,0.2,241.1,192.88,Online
SALE-00912,2025-04-28,2025,4,Spring,CUST-0079,PRD-0050,Premium Sneakers,Footwear,1,70.35,0.0,70.35,70.35,In-Store
SALE-00913,2025-04-28,2025,4,Spring,CUST-0022,PRD-0008,Premium Polo Shirt,Tops,1,37.93,0.0,37.93,37.93,In-Store
SALE-00914,2025-04-28,2025,4,Spring,CUST-0056,PRD-0064,Premium Belt,Accessories,2,52.98,0.1,105.96,95.36,Online
SALE-00915,2025-04-29,2025,4,Spring,CUST-0032,PRD-0072,Premium One-Piece Swimsuit,Swimwear,1,104.99,0.0,104.99,104.99,In-Store
SALE-00916,2025-04-30,2025,4,Spring,CUST-0001,PRD-0009,Basic Crop Top,Tops,2,22.4,0.0,44.8,44.8,In-Store
SALE-00917,2025-04-30,2025,4,Spring,CUST-0055,PRD-0058,Premium Sun Hat,Accessories,2,46.9,0.0,93.8,93.8,Mobile App
SALE-00918,2025-05-02,2025,5,Spring,CUST-0018,PRD-0016,Premium Skirt,Bottoms,3,48.68,0.2,146.04,116.83,Online
SALE-00919,2025-05-02,2025,5,Spring,CUST-0031,PRD-0031,Basic Denim Jacket,Outerwear,1,206.78,0.0,206.78,206.78,Online
SALE-00920,2025-05-02,2025,5,Spring,CUST-0067,PRD-0070,Premium Swim Trunks,Swimwear,1,98.82,0.2,98.82,79.06,Online
SALE-00921,2025-05-03,2025,5,Spring,CUST-0066,PRD-0038,Premium Cardigan,Outerwear,1,206.33,0.1,206.33,185.7,In-Store
SALE-00922,2025-05-03,2025,5,Spring,CUST-0073,PRD-0031,Basic Denim Jacket,Outerwear,2,206.78,0.0,413.56,413.56,Online
SALE-00923,2025-05-04,2025,5,Spring,CUST-0058,PRD-0046,Premium Track Jacket,Activewear,1,49.41,0.0,49.41,49.41,In-Store
SALE-00924,2025-05-04,2025,5,Spring,CUST-0003,PRD-0055,Basic Loafers,Footwear,1,120.3,0.0,120.3,120.3,In-Store
SALE-00925,2025-05-04,2025,5,Spring,CUST-0079,PRD-0043,Basic Running Shorts,Activewear,1,57.4,0.0,57.4,57.4,Mobile App
SALE-00926,2025-05-05,2025,5,Spring,CUST-0024,PRD-0026,Premium Cocktail Dress,Dresses,3,118.94,0.1,356.82,321.14,Online
SALE-00927,2025-05-05,2025,5,Spring,CUST-0046,PRD-0015,Basic Skirt,Bottoms,1,38.55,0.2,38.55,30.84,Online
SALE-00928,2025-05-05,2025,5,Spring,CUST-0029,PRD-0010,Premium Crop Top,Tops,1,42.82,0.0,42.82,42.82,Mobile App
SALE-00929,2025-05-06,2025,5,Spring,CUST-0009,PRD-0045,Basic Track Jacket,Activewear,1,54.66,0.0,54.66,54.66,In-Store
SALE-00930,2025-05-06,2025,5,Spring,CUST-0013,PRD-0018,Premium Trousers,Bottoms,3,65.4,0.2,196.2,156.96,Online
SALE-00931,2025-05-07,2025,5,Spring,CUST-0067,PRD-0007,Basic Polo Shirt,Tops,1,29.13,0.0,29.13,29.13,Online
SALE-00932,2025-05-07,2025,5,Spring,CUST-0003,PRD-0033,Basic Puffer Jacket,Outerwear,1,119.01,0.1,119.01,107.11,Online
SALE-00933,2025-05-08,2025,5,Spring,CUST-0046,PRD-0056,Premium Loafers,Footwear,1,84.75,0.2,84.75,67.8,Mobile App
SALE-00934,2025-05-08,2025,5,Spring,CUST-0015,PRD-0067,Basic Bikini,Swimwear,2,31.73,0.0,63.46,63.46,Online
SALE-00935,2025-05-09,2025,5,Spring,CUST-0026,PRD-0036,Premium Trench Coat,Outerwear,1,299.66,0.1,299.66,269.69,Online
SALE-00936,2025-05-09,2025,5,Spring,CUST-0008,PRD-0005,Basic Tank Top,Tops,4,39.45,0.0,157.8,157.8,In-Store
SALE-00937,2025-05-10,2025,5,Spring,CUST-0022,PRD-0013,Basic Shorts,Bottoms,2,29.02,0.0,58.04,58.04,In-Store
SALE-00938,2025-05-10,2025,5,Spring,CUST-0038,PRD-0060,Premium Scarf,Accessories,1,20.13,0.0,20.13,20.13,Mobile App
SALE-00939,2025-05-11,2025,5,Spring,CUST-0031,PRD-0033,Basic Puffer Jacket,Outerwear,1,119.01,0.0,119.01,119.01,Online
SALE-00940,2025-05-11,2025,5,Spring,CUST-0031,PRD-0020,Premium Leggings,Bottoms,1,38.24,0.0,38.24,38.24,In-Store
SALE-00941,2025-05-11,2025,5,Spring,CUST-0074,PRD-0049,Basic Sneakers,Footwear,1,117.43,0.0,117.43,117.43,In-Store
SALE-00942,2025-05-12,2025,5,Spring,CUST-0073,PRD-0056,Premium Loafers,Footwear,2,84.75,0.0,169.5,169.5,In-Store
SALE-00943,2025-05-12,2025,5,Spring,CUST-0026,PRD-0021,Basic Sundress,Dresses,1,91.82,0.0,91.82,91.82,Online
SALE-00944,2025-05-12,2025,5,Spring,CUST-0031,PRD-0064,Premium Belt,Accessories,2,52.98,0.0,105.96,105.96,Online
SALE-00945,2025-05-12,2025,5,Spring,CUST-0046,PRD-0002,Premium T-Shirt,Tops,1,25.33,0.2,25.33,20.26,Online
SALE-00946,2025-05-12,2025,5,Spring,CUST-0063,PRD-0013,Basic Shorts,Bottoms,2,29.02,0.1,58.04,52.24,Online
SALE-00947,2025-05-13,2025,5,Spring,CUST-0027,PRD-0018,Premium Trousers,Bottoms,1,65.4,0.0,65.4,65.4,Mobile App
SALE-00948,2025-05-14,2025,5,Spring,CUST-0002,PRD-0014,Premium Shorts,Bottoms,2,58.96,0.1,117.92,106.13,Online
SALE-00949,2025-05-15,2025,5,Spring,CUST-0062,PRD-0025,Basic Cocktail Dress,Dresses,1,95.42,0.0,95.42,95.42,Online
SALE-00950,2025-05-15,2025,5,Spring,CUST-0046,PRD-0047,Basic Sandals,Footwear,2,111.68,0.1,223.36,201.02,Online
SALE-00951,2025-05-16,2025,5,Spring,CUST-0040,PRD-0066,Premium Sunglasses,Accessories,1,31.97,0.0,31.97,31.97,In-Store
SALE-00952,2025-05-16,2025,5,Spring,CUST-0027,PRD-0003,Basic Blouse,Tops,1,22.01,0.0,22.01,22.01,In-Store
SALE-00953,2025-05-18,2025,5,Spring,CUST-0079,PRD-0064,Premium Belt,Accessories,2,52.98,0.1,105.96,95.36,In-Store
SALE-00954,2025-05-19,2025,5,Spring,CUST-0032,PRD-0042,Premium Sports Bra,Activewear,1,73.12,0.2,73.12,58.5,Online
SALE-00955,2025-05-19,2025,5,Spring,CUST-0047,PRD-0039,Basic Yoga Pants,Activewear,1,21.99,0.2,21.99,17.59,Mobile App
SALE-00956,2025-05-19,2025,5,Spring,CUST-0001,PRD-0003,Basic Blouse,Tops,1,22.01,0.0,22.01,22.01,Mobile App
SALE-00957,2025-05-19,2025,5,Spring,CUST-0005,PRD-0071,Basic One-Piece Swimsuit,Swimwear,2,29.51,0.2,59.02,47.22,Online
SALE-00958,2025-05-20,2025,5,Spring,CUST-0031,PRD-0061,Basic Beanie,Accessories,2,25.12,0.0,50.24,50.24,In-Store
SALE-00959,2025-05-20,2025,5,Spring,CUST-0009,PRD-0057,Basic Sun Hat,Accessories,2,22.55,0.0,45.1,45.1,Online
SALE-00960,2025-05-22,2025,5,Spring,CUST-0007,PRD-0030,Premium Winter Coat,Outerwear,1,191.36,0.0,191.36,191.36,In-Store
SALE-00961,2025-05-22,2025,5,Spring,CUST-0046,PRD-0069,Basic Swim Trunks,Swimwear,1,22.04,0.1,22.04,19.84,In-Store
SALE-00962,2025-05-22,2025,5,Spring,CUST-0032,PRD-0048,Premium Sandals,Footwear,3,87.64,0.0,262.92,262.92,In-Store
SALE-00963,2025-05-23,2025,5,Spring,CUST-0073,PRD-0057,Basic Sun Hat,Accessories,1,22.55,0.1,22.55,20.3,Online
SALE-00964,2025-05-23,2025,5,Spring,CUST-0012,PRD-0043,Basic Running Shorts,Activewear,1,57.4,0.2,57.4,45.92,Online
SALE-00965,2025-05-24,2025,5,Spring,CUST-0059,PRD-0064,Premium Belt,Accessories,2,52.98,0.0,105.96,105.96,In-Store
SALE-00966,2025-05-25,2025,5,Spring,CUST-0013,PRD-0029,Basic Winter Coat,Outerwear,1,106.95,0.0,106.95,106.95,Online
SALE-00967,2025-05-26,2025,5,Spring,CUST-0035,PRD-0066,Premium Sunglasses,Accessories,1,31.97,0.0,31.97,31.97,Online
SALE-00968,2025-05-26,2025,5,Spring,CUST-0015,PRD-0056,Premium Loafers,Footwear,2,84.75,0.0,169.5,169.5,In-Store
SALE-00969,2025-05-26,2025,5,Spring,CUST-0027,PRD-0011,Basic Jeans,Bottoms,2,28.68,0.0,57.36,57.36,In-Store
SALE-00970,2025-05-26,2025,5,Spring,CUST-0019,PRD-0071,Basic One-Piece Swimsuit,Swimwear,1,29.51,0.2,29.51,23.61,Online
SALE-00971,2025-05-27,2025,5,Spring,CUST-0054,PRD-0007,Basic Polo Shirt,Tops,2,29.13,0.0,58.26,58.26,In-Store
SALE-00972,2025-05-27,2025,5,Spring,CUST-0048,PRD-0013,Basic Shorts,Bottoms,4,29.02,0.0,116.08,116.08,Online
SALE-00973,2025-05-28,2025,5,Spring,CUST-0041,PRD-0050,Premium Sneakers,Footwear,2,70.35,0.0,140.7,140.7,In-Store
SALE-00974,2025-05-28,2025,5,Spring,CUST-0056,PRD-0054,Premium Flip Flops,Footwear,3,150.32,0.0,450.96,450.96,In-Store
SALE-00975,2025-05-28,2025,5,Spring,CUST-0036,PRD-0012,Premium Jeans,Bottoms,2,106.38,0.0,212.76,212.76,In-Store
SALE-00976,2025-05-29,2025,5,Spring,CUST-0040,PRD-0011,Basic Jeans,Bottoms,2,28.68,0.2,57.36,45.89,In-Store
SALE-00977,2025-05-29,2025,5,Spring,CUST-0067,PRD-0003,Basic Blouse,Tops,3,22.01,0.0,66.03,66.03,Mobile App
SALE-00978,2025-05-30,2025,5,Spring,CUST-0046,PRD-0042,Premium Sports Bra,Activewear,1,73.12,0.0,73.12,73.12,Online
SALE-00979,2025-05-30,2025,5,Spring,CUST-0055,PRD-0003,Basic Blouse,Tops,1,22.01,0.0,22.01,22.01,Mobile App
SALE-00980,2025-05-30,2025,5,Spring,CUST-0066,PRD-0060,Premium Scarf,Accessories,2,20.13,0.1,40.26,36.23,In-Store
SALE-00981,2025-05-30,2025,5,Spring,CUST-0040,PRD-0053,Basic Flip Flops,Footwear,2,120.55,0.0,241.1,241.1,Online
SALE-00982,2025-05-30,2025,5,Spring,CUST-0055,PRD-0068,Premium Bikini,Swimwear,3,48.17,0.1,144.51,130.06,Online
SALE-00983,2025-05-30,2025,5,Spring,CUST-0074,PRD-0020,Premium Leggings,Bottoms,1,38.24,0.1,38.24,34.42,Mobile App
SALE-00984,2025-05-31,2025,5,Spring,CUST-0005,PRD-0051,Basic Boots,Footwear,2,82.09,0.0,164.18,164.18,In-Store
SALE-00985,2025-05-31,2025,5,Spring,CUST-0018,PRD-0020,Premium Leggings,Bottoms,1,38.24,0.1,38.24,34.42,In-Store
SALE-00986,2025-06-01,2025,6,Summer,CUST-0041,PRD-0057,Basic Sun Hat,Accessories,1,22.55,0.3,22.55,15.78,Online
SALE-00987,2025-06-01,2025,6,Summer,CUST-0014,PRD-0004,Premium Blouse,Tops,3,61.37,0.1,184.11,165.7,In-Store
SALE-00988,2025-06-03,2025,6,Summer,CUST-0059,PRD-0057,Basic Sun Hat,Accessories,1,22.55,0.3,22.55,15.78,Mobile App
SALE-00989,2025-06-05,2025,6,Summer,CUST-0039,PRD-0062,Premium Beanie,Accessories,1,35.38,0.4,35.38,21.23,Online
SALE-00990,2025-06-05,2025,6,Summer,CUST-0027,PRD-0071,Basic One-Piece Swimsuit,Swimwear,1,29.51,0.4,29.51,17.71,Online
SALE-00991,2025-06-05,2025,6,Summer,CUST-0026,PRD-0008,Premium Polo Shirt,Tops,3,37.93,0.3,113.79,79.65,Mobile App
SALE-00992,2025-06-06,2025,6,Summer,CUST-0047,PRD-0007,Basic Polo Shirt,Tops,2,29.13,0.1,58.26,52.43,Online
SALE-00993,2025-06-07,2025,6,Summer,CUST-0005,PRD-0063,Basic Belt,Accessories,1,20.59,0.3,20.59,14.41,In-Store
SALE-00994,2025-06-08,2025,6,Summer,CUST-0022,PRD-0048,Premium Sandals,Footwear,1,87.64,0.4,87.64,52.58,In-Store
SALE-00995,2025-06-09,2025,6,Summer,CUST-0020,PRD-0065,Basic Sunglasses,Accessories,1,14.3,0.1,14.3,12.87,Online
SALE-00996,2025-06-09,2025,6,Summer,CUST-0007,PRD-0015,Basic Skirt,Bottoms,1,38.55,0.1,38.55,34.7,Online
SALE-00997,2025-06-09,2025,6,Summer,CUST-0048,PRD-0051,Basic Boots,Footwear,1,82.09,0.0,82.09,82.09,Online
SALE-00998,2025-06-11,2025,6,Summer,CUST-0052,PRD-0018,Premium Trousers,Bottoms,2,65.4,0.3,130.8,91.56,Mobile App
SALE-00999,2025-06-11,2025,6,Summer,CUST-0024,PRD-0039,Basic Yoga Pants,Activewear,2,21.99,0.3,43.98,30.79,Online
SALE-01000,2025-06-12,2025,6,Summer,CUST-0077,PRD-0046,Premium Track Jacket,Activewear,1,49.41,0.0,49.41,49.41,Online
SALE-01001,2025-06-13,2025,6,Summer,CUST-0002,PRD-0070,Premium Swim Trunks,Swimwear,1,98.82,0.1,98.82,88.94,Online
SALE-01002,2025-06-14,2025,6,Summer,CUST-0043,PRD-0068,Premium Bikini,Swimwear,1,48.17,0.1,48.17,43.35,Online
SALE-01003,2025-06-14,2025,6,Summer,CUST-0004,PRD-0057,Basic Sun Hat,Accessories,3,22.55,0.3,67.65,47.36,Mobile App
SALE-01004,2025-06-17,2025,6,Summer,CUST-0020,PRD-0072,Premium One-Piece Swimsuit,Swimwear,4,104.99,0.4,419.96,251.98,Online
SALE-01005,2025-06-17,2025,6,Summer,CUST-0008,PRD-0054,Premium Flip Flops,Footwear,1,150.32,0.1,150.32,135.29,Online
SALE-01006,2025-06-19,2025,6,Summer,CUST-0005,PRD-0069,Basic Swim Trunks,Swimwear,1,22.04,0.0,22.04,22.04,Mobile App
SALE-01007,2025-06-19,2025,6,Summer,CUST-0074,PRD-0010,Premium Crop Top,Tops,1,42.82,0.1,42.82,38.54,Online
SALE-01008,2025-06-20,2025,6,Summer,CUST-0057,PRD-0015,Basic Skirt,Bottoms,4,38.55,0.3,154.2,107.94,In-Store
SALE-01009,2025-06-21,2025,6,Summer,CUST-0026,PRD-0021,Basic Sundress,Dresses,1,91.82,0.0,91.82,91.82,Online
SALE-01010,2025-06-21,2025,6,Summer,CUST-0054,PRD-0057,Basic Sun Hat,Accessories,1,22.55,0.0,22.55,22.55,Online
SALE-01011,2025-06-21,2025,6,Summer,CUST-0073,PRD-0059,Basic Scarf,Accessories,1,28.16,0.0,28.16,28.16,In-Store
SALE-01012,2025-06-21,2025,6,Summer,CUST-0034,PRD-0043,Basic Running Shorts,Activewear,1,57.4,0.3,57.4,40.18,In-Store
SALE-01013,2025-06-22,2025,6,Summer,CUST-0026,PRD-0012,Premium Jeans,Bottoms,3,106.38,0.0,319.14,319.14,Online
SALE-01014,2025-06-25,2025,6,Summer,CUST-0065,PRD-0060,Premium Scarf,Accessories,4,20.13,0.0,80.52,80.52,In-Store
SALE-01015,2025-06-28,2025,6,Summer,CUST-0070,PRD-0020,Premium Leggings,Bottoms,1,38.24,0.1,38.24,34.42,Online
SALE-01016,2025-06-28,2025,6,Summer,CUST-0020,PRD-0008,Premium Polo Shirt,Tops,1,37.93,0.1,37.93,34.14,Online
SALE-01017,2025-06-29,2025,6,Summer,CUST-0040,PRD-0049,Basic Sneakers,Footwear,2,117.43,0.2,234.86,187.89,In-Store
SALE-01018,2025-07-01,2025,7,Summer,CUST-0069,PRD-0046,Premium Track Jacket,Activewear,1,49.41,0.4,49.41,29.65,In-Store
SALE-01019,2025-07-01,2025,7,Summer,CUST-0007,PRD-0069,Basic Swim Trunks,Swimwear,1,22.04,0.1,22.04,19.84,Online
SALE-01020,2025-07-02,2025,7,Summer,CUST-0080,PRD-0001,Basic T-Shirt,Tops,2,26.93,0.2,53.86,43.09,In-Store
SALE-01021,2025-07-03,2025,7,Summer,CUST-0008,PRD-0039,Basic Yoga Pants,Activewear,2,21.99,0.4,43.98,26.39,Online
SALE-01022,2025-07-03,2025,7,Summer,CUST-0001,PRD-0067,Basic Bikini,Swimwear,1,31.73,0.0,31.73,31.73,In-Store
SALE-01023,2025-07-05,2025,7,Summer,CUST-0062,PRD-0044,Premium Running Shorts,Activewear,3,64.76,0.3,194.28,136.0,In-Store
SALE-01024,2025-07-06,2025,7,Summer,CUST-0070,PRD-0049,Basic Sneakers,Footwear,1,117.43,0.4,117.43,70.46,Online
SALE-01025,2025-07-06,2025,7,Summer,CUST-0033,PRD-0066,Premium Sunglasses,Accessories,3,31.97,0.2,95.91,76.73,Online
SALE-01026,2025-07-09,2025,7,Summer,CUST-0025,PRD-0072,Premium One-Piece Swimsuit,Swimwear,1,104.99,0.4,104.99,62.99,Online
SALE-01027,2025-07-10,2025,7,Summer,CUST-0003,PRD-0068,Premium Bikini,Swimwear,4,48.17,0.0,192.68,192.68,In-Store
SALE-01028,2025-07-10,2025,7,Summer,CUST-0072,PRD-0001,Basic T-Shirt,Tops,2,26.93,0.4,53.86,32.32,Online
SALE-01029,2025-07-10,2025,7,Summer,CUST-0058,PRD-0010,Premium Crop Top,Tops,1,42.82,0.3,42.82,29.97,Online
SALE-01030,2025-07-10,2025,7,Summer,CUST-0046,PRD-0038,Premium Cardigan,Outerwear,1,206.33,0.2,206.33,165.06,Online
SALE-01031,2025-07-11,2025,7,Summer,CUST-0033,PRD-0007,Basic Polo Shirt,Tops,3,29.13,0.0,87.39,87.39,Online
SALE-01032,2025-07-14,2025,7,Summer,CUST-0032,PRD-0065,Basic Sunglasses,Accessories,3,14.3,0.0,42.9,42.9,In-Store
SALE-01033,2025-07-15,2025,7,Summer,CUST-0029,PRD-0051,Basic Boots,Footwear,1,82.09,0.1,82.09,73.88,Mobile App
SALE-01034,2025-07-16,2025,7,Summer,CUST-0073,PRD-0065,Basic Sunglasses,Accessories,2,14.3,0.1,28.6,25.74,In-Store
SALE-01035,2025-07-17,2025,7,Summer,CUST-0005,PRD-0010,Premium Crop Top,Tops,2,42.82,0.2,85.64,68.51,In-Store
SALE-01036,2025-07-22,2025,7,Summer,CUST-0021,PRD-0051,Basic Boots,Footwear,1,82.09,0.1,82.09,73.88,Online
SALE-01037,2025-07-23,2025,7,Summer,CUST-0024,PRD-0060,Premium Scarf,Accessories,1,20.13,0.4,20.13,12.08,Online
SALE-01038,2025-07-23,2025,7,Summer,CUST-0017,PRD-0010,Premium Crop Top,Tops,4,42.82,0.2,171.28,137.02,Online
SALE-01039,2025-07-25,2025,7,Summer,CUST-0009,PRD-0071,Basic One-Piece Swimsuit,Swimwear,2,29.51,0.0,59.02,59.02,Mobile App
SALE-01040,2025-07-25,2025,7,Summer,CUST-0035,PRD-0019,Basic Leggings,Bottoms,1,79.88,0.2,79.88,63.9,Online
SALE-01041,2025-07-25,2025,7,Summer,CUST-0077,PRD-0069,Basic Swim Trunks,Swimwear,1,22.04,0.3,22.04,15.43,Online
SALE-01042,2025-07-27,2025,7,Summer,CUST-0032,PRD-0021,Basic Sundress,Dresses,1,91.82,0.2,91.82,73.46,In-Store
SALE-01043,2025-07-30,2025,7,Summer,CUST-0077,PRD-0044,Premium Running Shorts,Activewear,3,64.76,0.4,194.28,116.57,In-Store
SALE-01044,2025-07-30,2025,7,Summer,CUST-0035,PRD-0067,Basic Bikini,Swimwear,1,31.73,0.0,31.73,31.73,Mobile App
SALE-01045,2025-07-31,2025,7,Summer,CUST-0080,PRD-0039,Basic Yoga Pants,Activewear,2,21.99,0.0,43.98,43.98,Mobile App
SALE-01046,2025-08-01,2025,8,Summer,CUST-0040,PRD-0064,Premium Belt,Accessories,1,52.98,0.1,52.98,47.68,Online
SALE-01047,2025-08-02,2025,8,Summer,CUST-0009,PRD-0018,Premium Trousers,Bottoms,1,65.4,0.0,65.4,65.4,In-Store
SALE-01048,2025-08-02,2025,8,Summer,CUST-0073,PRD-0002,Premium T-Shirt,Tops,1,25.33,0.0,25.33,25.33,In-Store
SALE-01049,2025-08-02,2025,8,Summer,CUST-0001,PRD-0046,Premium Track Jacket,Activewear,1,49.41,0.2,49.41,39.53,Mobile App
SALE-01050,2025-08-03,2025,8,Summer,CUST-0046,PRD-0039,Basic Yoga Pants,Activewear,3,21.99,0.0,65.97,65.97,Online
SALE-01051,2025-08-05,2025,8,Summer,CUST-0076,PRD-0052,Premium Boots,Footwear,3,167.32,0.0,501.96,501.96,In-Store
SALE-01052,2025-08-09,2025,8,Summer,CUST-0001,PRD-0039,Basic Yoga Pants,Activewear,2,21.99,0.3,43.98,30.79,Online
SALE-01053,2025-08-09,2025,8,Summer,CUST-0065,PRD-0053,Basic Flip Flops,Footwear,1,120.55,0.0,120.55,120.55,In-Store
SALE-01054,2025-08-10,2025,8,Summer,CUST-0020,PRD-0040,Premium Yoga Pants,Activewear,2,82.02,0.2,164.04,131.23,Online
SALE-01055,2025-08-12,2025,8,Summer,CUST-0022,PRD-0007,Basic Polo Shirt,Tops,2,29.13,0.4,58.26,34.96,Online
SALE-01056,2025-08-12,2025,8,Summer,CUST-0011,PRD-0045,Basic Track Jacket,Activewear,2,54.66,0.0,109.32,109.32,Online
SALE-01057,2025-08-15,2025,8,Summer,CUST-0007,PRD-0065,Basic Sunglasses,Accessories,2,14.3,0.4,28.6,17.16,In-Store
SALE-01058,2025-08-16,2025,8,Summer,CUST-0014,PRD-0002,Premium T-Shirt,Tops,4,25.33,0.1,101.32,91.19,Online
SALE-01059,2025-08-17,2025,8,Summer,CUST-0018,PRD-0020,Premium Leggings,Bottoms,3,38.24,0.0,114.72,114.72,In-Store
SALE-01060,2025-08-19,2025,8,Summer,CUST-0070,PRD-0039,Basic Yoga Pants,Activewear,1,21.99,0.4,21.99,13.19,Online
SALE-01061,2025-08-22,2025,8,Summer,CUST-0018,PRD-0059,Basic Scarf,Accessories,1,28.16,0.3,28.16,19.71,Online
SALE-01062,2025-08-22,2025,8,Summer,CUST-0072,PRD-0071,Basic One-Piece Swimsuit,Swimwear,2,29.51,0.0,59.02,59.02,In-Store
SALE-01063,2025-08-22,2025,8,Summer,CUST-0004,PRD-0059,Basic Scarf,Accessories,2,28.16,0.0,56.32,56.32,In-Store
SALE-01064,2025-08-23,2025,8,Summer,CUST-0078,PRD-0050,Premium Sneakers,Footwear,3,70.35,0.2,211.05,168.84,Online
SALE-01065,2025-08-23,2025,8,Summer,CUST-0048,PRD-0060,Premium Scarf,Accessories,2,20.13,0.3,40.26,28.18,In-Store
SALE-01066,2025-08-23,2025,8,Summer,CUST-0046,PRD-0068,Premium Bikini,Swimwear,2,48.17,0.0,96.34,96.34,In-Store
SALE-01067,2025-08-23,2025,8,Summer,CUST-0034,PRD-0068,Premium Bikini,Swimwear,1,48.17,0.4,48.17,28.9,Mobile App
SALE-01068,2025-08-24,2025,8,Summer,CUST-0020,PRD-0004,Premium Blouse,Tops,1,61.37,0.0,61.37,61.37,In-Store
SALE-01069,2025-08-24,2025,8,Summer,CUST-0006,PRD-0020,Premium Leggings,Bottoms,2,38.24,0.0,76.48,76.48,Online
SALE-01070,2025-08-26,2025,8,Summer,CUST-0069,PRD-0068,Premium Bikini,Swimwear,1,48.17,0.3,48.17,33.72,In-Store
SALE-01071,2025-08-26,2025,8,Summer,CUST-0039,PRD-0013,Basic Shorts,Bottoms,1,29.02,0.3,29.02,20.31,In-Store
SALE-01072,2025-08-27,2025,8,Summer,CUST-0011,PRD-0015,Basic Skirt,Bottoms,2,38.55,0.0,77.1,77.1,In-Store
SALE-01073,2025-08-28,2025,8,Summer,CUST-0060,PRD-0048,Premium Sandals,Footwear,1,87.64,0.2,87.64,70.11,In-Store
SALE-01074,2025-08-30,2025,8,Summer,CUST-0001,PRD-0020,Premium Leggings,Bottoms,1,38.24,0.0,38.24,38.24,In-Store
SALE-01075,2025-08-31,2025,8,Summer,CUST-0006,PRD-0048,Premium Sandals,Footwear,1,87.64,0.0,87.64,87.64,In-Store
SALE-01076,2025-09-02,2025,9,Fall,CUST-0067,PRD-0031,Basic Denim Jacket,Outerwear,1,206.78,0.0,206.78,206.78,In-Store
SALE-01077,2025-09-02,2025,9,Fall,CUST-0057,PRD-0072,Premium One-Piece Swimsuit,Swimwear,1,104.99,0.0,104.99,104.99,Online
SALE-01078,2025-09-02,2025,9,Fall,CUST-0056,PRD-0061,Basic Beanie,Accessories,1,25.12,0.2,25.12,20.1,In-Store
SALE-01079,2025-09-02,2025,9,Fall,CUST-0017,PRD-0042,Premium Sports Bra,Activewear,2,73.12,0.0,146.24,146.24,Mobile App
SALE-01080,2025-09-03,2025,9,Fall,CUST-0035,PRD-0007,Basic Polo Shirt,Tops,2,29.13,0.1,58.26,52.43,In-Store
SALE-01081,2025-09-03,2025,9,Fall,CUST-0001,PRD-0018,Premium Trousers,Bottoms,1,65.4,0.0,65.4,65.4,Online
SALE-01082,2025-09-05,2025,9,Fall,CUST-0061,PRD-0020,Premium Leggings,Bottoms,1,38.24,0.0,38.24,38.24,Online
SALE-01083,2025-09-06,2025,9,Fall,CUST-0063,PRD-0007,Basic Polo Shirt,Tops,1,29.13,0.1,29.13,26.22,Online
SALE-01084,2025-09-08,2025,9,Fall,CUST-0045,PRD-0017,Basic Trousers,Bottoms,1,79.19,0.1,79.19,71.27,In-Store
SALE-01085,2025-09-08,2025,9,Fall,CUST-0040,PRD-0049,Basic Sneakers,Footwear,1,117.43,0.2,117.43,93.94,Online
SALE-01086,2025-09-08,2025,9,Fall,CUST-0061,PRD-0017,Basic Trousers,Bottoms,3,79.19,0.1,237.57,213.81,In-Store
SALE-01087,2025-09-09,2025,9,Fall,CUST-0020,PRD-0059,Basic Scarf,Accessories,1,28.16,0.0,28.16,28.16,Mobile App
SALE-01088,2025-09-09,2025,9,Fall,CUST-0020,PRD-0046,Premium Track Jacket,Activewear,2,49.41,0.1,98.82,88.94,Online
SALE-01089,2025-09-09,2025,9,Fall,CUST-0064,PRD-0068,Premium Bikini,Swimwear,1,48.17,0.0,48.17,48.17,Mobile App
SALE-01090,2025-09-09,2025,9,Fall,CUST-0060,PRD-0046,Premium Track Jacket,Activewear,1,49.41,0.0,49.41,49.41,In-Store
SALE-01091,2025-09-10,2025,9,Fall,CUST-0017,PRD-0046,Premium Track Jacket,Activewear,2,49.41,0.0,98.82,98.82,Online
SALE-01092,2025-09-10,2025,9,Fall,CUST-0068,PRD-0013,Basic Shorts,Bottoms,1,29.02,0.0,29.02,29.02,Online
SALE-01093,2025-09-10,2025,9,Fall,CUST-0065,PRD-0029,Basic Winter Coat,Outerwear,2,106.95,0.2,213.9,171.12,In-Store
SALE-01094,2025-09-10,2025,9,Fall,CUST-0038,PRD-0031,Basic Denim Jacket,Outerwear,4,206.78,0.0,827.12,827.12,Online
SALE-01095,2025-09-11,2025,9,Fall,CUST-0042,PRD-0021,Basic Sundress,Dresses,2,91.82,0.0,183.64,183.64,Online
SALE-01096,2025-09-11,2025,9,Fall,CUST-0026,PRD-0046,Premium Track Jacket,Activewear,1,49.41,0.0,49.41,49.41,In-Store
SALE-01097,2025-09-11,2025,9,Fall,CUST-0051,PRD-0059,Basic Scarf,Accessories,1,28.16,0.0,28.16,28.16,In-Store
SALE-01098,2025-09-12,2025,9,Fall,CUST-0058,PRD-0027,Basic Wrap Dress,Dresses,3,63.72,0.2,191.16,152.93,In-Store
SALE-01099,2025-09-12,2025,9,Fall,CUST-0038,PRD-0046,Premium Track Jacket,Activewear,1,49.41,0.2,49.41,39.53,In-Store
SALE-01100,2025-09-12,2025,9,Fall,CUST-0031,PRD-0036,Premium Trench Coat,Outerwear,2,299.66,0.0,599.32,599.32,In-Store
SALE-01101,2025-09-13,2025,9,Fall,CUST-0023,PRD-0007,Basic Polo Shirt,Tops,1,29.13,0.1,29.13,26.22,In-Store
SALE-01102,2025-09-14,2025,9,Fall,CUST-0009,PRD-0052,Premium Boots,Footwear,2,167.32,0.0,334.64,334.64,In-Store
SALE-01103,2025-09-15,2025,9,Fall,CUST-0079,PRD-0018,Premium Trousers,Bottoms,4,65.4,0.0,261.6,261.6,In-Store
SALE-01104,2025-09-15,2025,9,Fall,CUST-0068,PRD-0051,Basic Boots,Footwear,1,82.09,0.0,82.09,82.09,In-Store
SALE-01105,2025-09-15,2025,9,Fall,CUST-0062,PRD-0031,Basic Denim Jacket,Outerwear,2,206.78,0.0,413.56,413.56,In-Store
SALE-01106,2025-09-17,2025,9,Fall,CUST-0033,PRD-0010,Premium Crop Top,Tops,3,42.82,0.0,128.46,128.46,Online
SALE-01107,2025-09-17,2025,9,Fall,CUST-0001,PRD-0042,Premium Sports Bra,Activewear,1,73.12,0.0,73.12,73.12,In-Store
SALE-01108,2025-09-17,2025,9,Fall,CUST-0032,PRD-0019,Basic Leggings,Bottoms,4,79.88,0.0,319.52,319.52,In-Store
SALE-01109,2025-09-17,2025,9,Fall,CUST-0038,PRD-0064,Premium Belt,Accessories,2,52.98,0.2,105.96,84.77,In-Store
SALE-01110,2025-09-18,2025,9,Fall,CUST-0017,PRD-0063,Basic Belt,Accessories,1,20.59,0.0,20.59,20.59,Online
SALE-01111,2025-09-18,2025,9,Fall,CUST-0019,PRD-0041,Basic Sports Bra,Activewear,1,46.62,0.0,46.62,46.62,Online
SALE-01112,2025-09-18,2025,9,Fall,CUST-0008,PRD-0010,Premium Crop Top,Tops,2,42.82,0.0,85.64,85.64,Online
SALE-01113,2025-09-19,2025,9,Fall,CUST-0022,PRD-0050,Premium Sneakers,Footwear,1,70.35,0.1,70.35,63.32,Mobile App
SALE-01114,2025-09-19,2025,9,Fall,CUST-0043,PRD-0054,Premium Flip Flops,Footwear,2,150.32,0.0,300.64,300.64,Online
SALE-01115,2025-09-20,2025,9,Fall,CUST-0076,PRD-0060,Premium Scarf,Accessories,1,20.13,0.0,20.13,20.13,Online
SALE-01116,2025-09-20,2025,9,Fall,CUST-0051,PRD-0009,Basic Crop Top,Tops,1,22.4,0.0,22.4,22.4,Online
SALE-01117,2025-09-20,2025,9,Fall,CUST-0063,PRD-0066,Premium Sunglasses,Accessories,2,31.97,0.1,63.94,57.55,In-Store
SALE-01118,2025-09-21,2025,9,Fall,CUST-0021,PRD-0041,Basic Sports Bra,Activewear,1,46.62,0.0,46.62,46.62,In-Store
SALE-01119,2025-09-21,2025,9,Fall,CUST-0019,PRD-0046,Premium Track Jacket,Activewear,1,49.41,0.2,49.41,39.53,In-Store
SALE-01120,2025-09-22,2025,9,Fall,CUST-0044,PRD-0001,Basic T-Shirt,Tops,1,26.93,0.1,26.93,24.24,In-Store
SALE-01121,2025-09-22,2025,9,Fall,CUST-0037,PRD-0049,Basic Sneakers,Footwear,1,117.43,0.1,117.43,105.69,Online
SALE-01122,2025-09-23,2025,9,Fall,CUST-0031,PRD-0065,Basic Sunglasses,Accessories,3,14.3,0.0,42.9,42.9,In-Store
SALE-01123,2025-09-24,2025,9,Fall,CUST-0047,PRD-0016,Premium Skirt,Bottoms,1,48.68,0.1,48.68,43.81,In-Store
SALE-01124,2025-09-24,2025,9,Fall,CUST-0008,PRD-0039,Basic Yoga Pants,Activewear,4,21.99,0.1,87.96,79.16,Online
SALE-01125,2025-09-24,2025,9,Fall,CUST-0059,PRD-0045,Basic Track Jacket,Activewear,1,54.66,0.0,54.66,54.66,In-Store
SALE-01126,2025-09-25,2025,9,Fall,CUST-0019,PRD-0021,Basic Sundress,Dresses,1,91.82,0.0,91.82,91.82,Online
SALE-01127,2025-09-25,2025,9,Fall,CUST-0049,PRD-0038,Premium Cardigan,Outerwear,1,206.33,0.1,206.33,185.7,In-Store
SALE-01128,2025-09-25,2025,9,Fall,CUST-0004,PRD-0044,Premium Running Shorts,Activewear,3,64.76,0.1,194.28,174.85,Online
SALE-01129,2025-09-25,2025,9,Fall,CUST-0072,PRD-0051,Basic Boots,Footwear,1,82.09,0.2,82.09,65.67,In-Store
SALE-01130,2025-09-25,2025,9,Fall,CUST-0046,PRD-0062,Premium Beanie,Accessories,1,35.38,0.0,35.38,35.38,In-Store
SALE-01131,2025-09-25,2025,9,Fall,CUST-0077,PRD-0019,Basic Leggings,Bottoms,3,79.88,0.0,239.64,239.64,Online
SALE-01132,2025-09-26,2025,9,Fall,CUST-0043,PRD-0069,Basic Swim Trunks,Swimwear,1,22.04,0.0,22.04,22.04,In-Store
SALE-01133,2025-09-26,2025,9,Fall,CUST-0016,PRD-0054,Premium Flip Flops,Footwear,2,150.32,0.0,300.64,300.64,Mobile App
SALE-01134,2025-09-26,2025,9,Fall,CUST-0020,PRD-0069,Basic Swim Trunks,Swimwear,1,22.04,0.1,22.04,19.84,Online
SALE-01135,2025-09-27,2025,9,Fall,CUST-0018,PRD-0025,Basic Cocktail Dress,Dresses,1,95.42,0.0,95.42,95.42,In-Store
SALE-01136,2025-09-28,2025,9,Fall,CUST-0068,PRD-0011,Basic Jeans,Bottoms,2,28.68,0.1,57.36,51.62,In-Store
SALE-01137,2025-09-29,2025,9,Fall,CUST-0003,PRD-0061,Basic Beanie,Accessories,1,25.12,0.0,25.12,25.12,Online
SALE-01138,2025-09-30,2025,9,Fall,CUST-0022,PRD-0005,Basic Tank Top,Tops,1,39.45,0.2,39.45,31.56,In-Store
SALE-01139,2025-10-01,2025,10,Fall,CUST-0058,PRD-0012,Premium Jeans,Bottoms,3,106.38,0.2,319.14,255.31,Mobile App
SALE-01140,2025-10-01,2025,10,Fall,CUST-0063,PRD-0005,Basic Tank Top,Tops,1,39.45,0.0,39.45,39.45,Online
SALE-01141,2025-10-01,2025,10,Fall,CUST-0050,PRD-0065,Basic Sunglasses,Accessories,1,14.3,0.0,14.3,14.3,Mobile App
SALE-01142,2025-10-01,2025,10,Fall,CUST-0043,PRD-0066,Premium Sunglasses,Accessories,2,31.97,0.1,63.94,57.55,Online
SALE-01143,2025-10-02,2025,10,Fall,CUST-0031,PRD-0005,Basic Tank Top,Tops,1,39.45,0.0,39.45,39.45,In-Store
SALE-01144,2025-10-03,2025,10,Fall,CUST-0050,PRD-0004,Premium Blouse,Tops,3,61.37,0.0,184.11,184.11,In-Store
SALE-01145,2025-10-03,2025,10,Fall,CUST-0066,PRD-0061,Basic Beanie,Accessories,1,25.12,0.0,25.12,25.12,In-Store
SALE-01146,2025-10-04,2025,10,Fall,CUST-0052,PRD-0056,Premium Loafers,Footwear,2,84.75,0.0,169.5,169.5,Online
SALE-01147,2025-10-04,2025,10,Fall,CUST-0017,PRD-0047,Basic Sandals,Footwear,1,111.68,0.0,111.68,111.68,Online
SALE-01148,2025-10-05,2025,10,Fall,CUST-0030,PRD-0027,Basic Wrap Dress,Dresses,4,63.72,0.0,254.88,254.88,In-Store
SALE-01149,2025-10-06,2025,10,Fall,CUST-0070,PRD-0063,Basic Belt,Accessories,1,20.59,0.1,20.59,18.53,Online
SALE-01150,2025-10-06,2025,10,Fall,CUST-0010,PRD-0052,Premium Boots,Footwear,1,167.32,0.0,167.32,167.32,In-Store
SALE-01151,2025-10-06,2025,10,Fall,CUST-0076,PRD-0062,Premium Beanie,Accessories,2,35.38,0.1,70.76,63.68,Online
SALE-01152,2025-10-08,2025,10,Fall,CUST-0055,PRD-0048,Premium Sandals,Footwear,1,87.64,0.0,87.64,87.64,In-Store
SALE-01153,2025-10-08,2025,10,Fall,CUST-0075,PRD-0024,Premium Maxi Dress,Dresses,1,139.05,0.0,139.05,139.05,In-Store
SALE-01154,2025-10-08,2025,10,Fall,CUST-0034,PRD-0020,Premium Leggings,Bottoms,1,38.24,0.0,38.24,38.24,In-Store
SALE-01155,2025-10-08,2025,10,Fall,CUST-0033,PRD-0060,Premium Scarf,Accessories,1,20.13,0.0,20.13,20.13,In-Store
SALE-01156,2025-10-08,2025,10,Fall,CUST-0069,PRD-0059,Basic Scarf,Accessories,2,28.16,0.0,56.32,56.32,Online
SALE-01157,2025-10-08,2025,10,Fall,CUST-0013,PRD-0071,Basic One-Piece Swimsuit,Swimwear,1,29.51,0.0,29.51,29.51,Online
SALE-01158,2025-10-08,2025,10,Fall,CUST-0049,PRD-0033,Basic Puffer Jacket,Outerwear,2,119.01,0.0,238.02,238.02,In-Store
SALE-01159,2025-10-08,2025,10,Fall,CUST-0007,PRD-0027,Basic Wrap Dress,Dresses,1,63.72,0.2,63.72,50.98,Online
SALE-01160,2025-10-08,2025,10,Fall,CUST-0040,PRD-0064,Premium Belt,Accessories,1,52.98,0.1,52.98,47.68,In-Store
SALE-01161,2025-10-09,2025,10,Fall,CUST-0041,PRD-0070,Premium Swim Trunks,Swimwear,2,98.82,0.0,197.64,197.64,Online
SALE-01162,2025-10-09,2025,10,Fall,CUST-0070,PRD-0015,Basic Skirt,Bottoms,2,38.55,0.1,77.1,69.39,In-Store
SALE-01163,2025-10-10,2025,10,Fall,CUST-0078,PRD-0042,Premium Sports Bra,Activewear,2,73.12,0.0,146.24,146.24,Online
SALE-01164,2025-10-10,2025,10,Fall,CUST-0017,PRD-0043,Basic Running Shorts,Activewear,2,57.4,0.0,114.8,114.8,In-Store
SALE-01165,2025-10-11,2025,10,Fall,CUST-0054,PRD-0041,Basic Sports Bra,Activewear,1,46.62,0.0,46.62,46.62,Mobile App
SALE-01166,2025-10-11,2025,10,Fall,CUST-0040,PRD-0067,Basic Bikini,Swimwear,1,31.73,0.1,31.73,28.56,Online
SALE-01167,2025-10-12,2025,10,Fall,CUST-0038,PRD-0063,Basic Belt,Accessories,1,20.59,0.1,20.59,18.53,Online
SALE-01168,2025-10-12,2025,10,Fall,CUST-0070,PRD-0016,Premium Skirt,Bottoms,1,48.68,0.0,48.68,48.68,In-Store
SALE-01169,2025-10-13,2025,10,Fall,CUST-0061,PRD-0005,Basic Tank Top,Tops,1,39.45,0.1,39.45,35.51,In-Store
SALE-01170,2025-10-13,2025,10,Fall,CUST-0036,PRD-0011,Basic Jeans,Bottoms,2,28.68,0.2,57.36,45.89,In-Store
SALE-01171,2025-10-14,2025,10,Fall,CUST-0032,PRD-0017,Basic Trousers,Bottoms,1,79.19,0.1,79.19,71.27,Online
SALE-01172,2025-10-15,2025,10,Fall,CUST-0052,PRD-0061,Basic Beanie,Accessories,2,25.12,0.2,50.24,40.19,Online
SALE-01173,2025-10-15,2025,10,Fall,CUST-0059,PRD-0072,Premium One-Piece Swimsuit,Swimwear,2,104.99,0.0,209.98,209.98,In-Store
SALE-01174,2025-10-15,2025,10,Fall,CUST-0064,PRD-0064,Premium Belt,Accessories,2,52.98,0.0,105.96,105.96,Online
SALE-01175,2025-10-16,2025,10,Fall,CUST-0009,PRD-0035,Basic Trench Coat,Outerwear,1,154.38,0.1,154.38,138.94,Online
SALE-01176,2025-10-16,2025,10,Fall,CUST-0037,PRD-0046,Premium Track Jacket,Activewear,3,49.41,0.0,148.23,148.23,Online
SALE-01177,2025-10-17,2025,10,Fall,CUST-0057,PRD-0057,Basic Sun Hat,Accessories,1,22.55,0.0,22.55,22.55,Mobile App
SALE-01178,2025-10-17,2025,10,Fall,CUST-0054,PRD-0016,Premium Skirt,Bottoms,1,48.68,0.0,48.68,48.68,Online
SALE-01179,2025-10-17,2025,10,Fall,CUST-0023,PRD-0023,Basic Maxi Dress,Dresses,1,59.74,0.0,59.74,59.74,In-Store
SALE-01180,2025-10-18,2025,10,Fall,CUST-0017,PRD-0067,Basic Bikini,Swimwear,2,31.73,0.0,63.46,63.46,In-Store
SALE-01181,2025-10-18,2025,10,Fall,CUST-0003,PRD-0003,Basic Blouse,Tops,2,22.01,0.1,44.02,39.62,In-Store
SALE-01182,2025-10-18,2025,10,Fall,CUST-0067,PRD-0011,Basic Jeans,Bottoms,2,28.68,0.0,57.36,57.36,Mobile App
SALE-01183,2025-10-19,2025,10,Fall,CUST-0074,PRD-0071,Basic One-Piece Swimsuit,Swimwear,1,29.51,0.0,29.51,29.51,Online
SALE-01184,2025-10-19,2025,10,Fall,CUST-0059,PRD-0006,Premium Tank Top,Tops,2,44.5,0.0,89.0,89.0,Online
SALE-01185,2025-10-20,2025,10,Fall,CUST-0003,PRD-0056,Premium Loafers,Footwear,4,84.75,0.0,339.0,339.0,Mobile App
SALE-01186,2025-10-20,2025,10,Fall,CUST-0012,PRD-0005,Basic Tank Top,Tops,4,39.45,0.0,157.8,157.8,In-Store
SALE-01187,2025-10-21,2025,10,Fall,CUST-0005,PRD-0039,Basic Yoga Pants,Activewear,1,21.99,0.0,21.99,21.99,Mobile App
SALE-01188,2025-10-22,2025,10,Fall,CUST-0014,PRD-0019,Basic Leggings,Bottoms,1,79.88,0.1,79.88,71.89,In-Store
SALE-01189,2025-10-22,2025,10,Fall,CUST-0042,PRD-0009,Basic Crop Top,Tops,2,22.4,0.0,44.8,44.8,Online
SALE-01190,2025-10-22,2025,10,Fall,CUST-0030,PRD-0011,Basic Jeans,Bottoms,1,28.68,0.0,28.68,28.68,In-Store
SALE-01191,2025-10-23,2025,10,Fall,CUST-0008,PRD-0012,Premium Jeans,Bottoms,1,106.38,0.0,106.38,106.38,In-Store
SALE-01192,2025-10-23,2025,10,Fall,CUST-0065,PRD-0054,Premium Flip Flops,Footwear,1,150.32,0.1,150.32,135.29,Online
SALE-01193,2025-10-25,2025,10,Fall,CUST-0015,PRD-0038,Premium Cardigan,Outerwear,4,206.33,0.0,825.32,825.32,In-Store
SALE-01194,2025-10-26,2025,10,Fall,CUST-0046,PRD-0035,Basic Trench Coat,Outerwear,1,154.38,0.2,154.38,123.5,In-Store
SALE-01195,2025-10-27,2025,10,Fall,CUST-0057,PRD-0048,Premium Sandals,Footwear,1,87.64,0.2,87.64,70.11,In-Store
SALE-01196,2025-10-27,2025,10,Fall,CUST-0052,PRD-0007,Basic Polo Shirt,Tops,4,29.13,0.0,116.52,116.52,Mobile App
SALE-01197,2025-10-27,2025,10,Fall,CUST-0006,PRD-0057,Basic Sun Hat,Accessories,1,22.55,0.1,22.55,20.3,Online
SALE-01198,2025-10-28,2025,10,Fall,CUST-0068,PRD-0008,Premium Polo Shirt,Tops,1,37.93,0.0,37.93,37.93,Online
SALE-01199,2025-10-28,2025,10,Fall,CUST-0057,PRD-0005,Basic Tank Top,Tops,1,39.45,0.1,39.45,35.51,Mobile App
SALE-01200,2025-10-29,2025,10,Fall,CUST-0013,PRD-0050,Premium Sneakers,Footwear,2,70.35,0.1,140.7,126.63,Online
SALE-01201,2025-10-29,2025,10,Fall,CUST-0041,PRD-0066,Premium Sunglasses,Accessories,1,31.97,0.2,31.97,25.58,In-Store
SALE-01202,2025-10-30,2025,10,Fall,CUST-0028,PRD-0030,Premium Winter Coat,Outerwear,1,191.36,0.0,191.36,191.36,Online
SALE-01203,2025-10-30,2025,10,Fall,CUST-0077,PRD-0029,Basic Winter Coat,Outerwear,3,106.95,0.1,320.85,288.77,Online
SALE-01204,2025-10-30,2025,10,Fall,CUST-0071,PRD-0042,Premium Sports Bra,Activewear,3,73.12,0.0,219.36,219.36,Online
SALE-01205,2025-11-01,2025,11,Fall,CUST-0049,PRD-0013,Basic Shorts,Bottoms,1,29.02,0.0,29.02,29.02,Mobile App
SALE-01206,2025-11-01,2025,11,Fall,CUST-0003,PRD-0057,Basic Sun Hat,Accessories,1,22.55,0.0,22.55,22.55,Online
SALE-01207,2025-11-01,2025,11,Fall,CUST-0045,PRD-0009,Basic Crop Top,Tops,1,22.4,0.0,22.4,22.4,Online
SALE-01208,2025-11-01,2025,11,Fall,CUST-0078,PRD-0019,Basic Leggings,Bottoms,1,79.88,0.2,79.88,63.9,In-Store
SALE-01209,2025-11-01,2025,11,Fall,CUST-0007,PRD-0016,Premium Skirt,Bottoms,4,48.68,0.0,194.72,194.72,Online
SALE-01210,2025-11-02,2025,11,Fall,CUST-0050,PRD-0049,Basic Sneakers,Footwear,1,117.43,0.0,117.43,117.43,Online
SALE-01211,2025-11-03,2025,11,Fall,CUST-0052,PRD-0009,Basic Crop Top,Tops,1,22.4,0.1,22.4,20.16,In-Store
SALE-01212,2025-11-03,2025,11,Fall,CUST-0018,PRD-0008,Premium Polo Shirt,Tops,2,37.93,0.0,75.86,75.86,Online
SALE-01213,2025-11-04,2025,11,Fall,CUST-0067,PRD-0018,Premium Trousers,Bottoms,2,65.4,0.0,130.8,130.8,In-Store
SALE-01214,2025-11-04,2025,11,Fall,CUST-0046,PRD-0050,Premium Sneakers,Footwear,1,70.35,0.0,70.35,70.35,In-Store
SALE-01215,2025-11-04,2025,11,Fall,CUST-0069,PRD-0008,Premium Polo Shirt,Tops,1,37.93,0.0,37.93,37.93,Online
SALE-01216,2025-11-06,2025,11,Fall,CUST-0017,PRD-0002,Premium T-Shirt,Tops,1,25.33,0.2,25.33,20.26,In-Store
SALE-01217,2025-11-06,2025,11,Fall,CUST-0038,PRD-0046,Premium Track Jacket,Activewear,2,49.41,0.0,98.82,98.82,In-Store
SALE-01218,2025-11-07,2025,11,Fall,CUST-0045,PRD-0026,Premium Cocktail Dress,Dresses,4,118.94,0.0,475.76,475.76,Online
SALE-01219,2025-11-07,2025,11,Fall,CUST-0068,PRD-0060,Premium Scarf,Accessories,2,20.13,0.0,40.26,40.26,In-Store
SALE-01220,2025-11-08,2025,11,Fall,CUST-0072,PRD-0060,Premium Scarf,Accessories,2,20.13,0.2,40.26,32.21,Online
SALE-01221,2025-11-08,2025,11,Fall,CUST-0010,PRD-0026,Premium Cocktail Dress,Dresses,3,118.94,0.0,356.82,356.82,Online
SALE-01222,2025-11-09,2025,11,Fall,CUST-0038,PRD-0013,Basic Shorts,Bottoms,1,29.02,0.0,29.02,29.02,In-Store
SALE-01223,2025-11-10,2025,11,Fall,CUST-0076,PRD-0017,Basic Trousers,Bottoms,2,79.19,0.1,158.38,142.54,In-Store
SALE-01224,2025-11-10,2025,11,Fall,CUST-0060,PRD-0040,Premium Yoga Pants,Activewear,1,82.02,0.1,82.02,73.82,In-Store
SALE-01225,2025-11-10,2025,11,Fall,CUST-0046,PRD-0046,Premium Track Jacket,Activewear,1,49.41,0.0,49.41,49.41,Mobile App
SALE-01226,2025-11-12,2025,11,Fall,CUST-0073,PRD-0058,Premium Sun Hat,Accessories,1,46.9,0.0,46.9,46.9,In-Store
SALE-01227,2025-11-12,2025,11,Fall,CUST-0071,PRD-0059,Basic Scarf,Accessories,1,28.16,0.0,28.16,28.16,In-Store
SALE-01228,2025-11-12,2025,11,Fall,CUST-0012,PRD-0039,Basic Yoga Pants,Activewear,1,21.99,0.0,21.99,21.99,Online
SALE-01229,2025-11-13,2025,11,Fall,CUST-0063,PRD-0057,Basic Sun Hat,Accessories,3,22.55,0.0,67.65,67.65,Mobile App
SALE-01230,2025-11-13,2025,11,Fall,CUST-0023,PRD-0042,Premium Sports Bra,Activewear,3,73.12,0.0,219.36,219.36,In-Store
SALE-01231,2025-11-13,2025,11,Fall,CUST-0043,PRD-0006,Premium Tank Top,Tops,1,44.5,0.1,44.5,40.05,In-Store
SALE-01232,2025-11-13,2025,11,Fall,CUST-0074,PRD-0040,Premium Yoga Pants,Activewear,1,82.02,0.1,82.02,73.82,In-Store
SALE-01233,2025-11-14,2025,11,Fall,CUST-0019,PRD-0006,Premium Tank Top,Tops,1,44.5,0.1,44.5,40.05,In-Store
SALE-01234,2025-11-14,2025,11,Fall,CUST-0010,PRD-0006,Premium Tank Top,Tops,1,44.5,0.0,44.5,44.5,In-Store
SALE-01235,2025-11-15,2025,11,Fall,CUST-0033,PRD-0020,Premium Leggings,Bottoms,2,38.24,0.1,76.48,68.83,Mobile App
SALE-01236,2025-11-15,2025,11,Fall,CUST-0048,PRD-0018,Premium Trousers,Bottoms,3,65.4,0.0,196.2,196.2,Online
SALE-01237,2025-11-15,2025,11,Fall,CUST-0010,PRD-0064,Premium Belt,Accessories,2,52.98,0.0,105.96,105.96,In-Store
SALE-01238,2025-11-17,2025,11,Fall,CUST-0042,PRD-0003,Basic Blouse,Tops,4,22.01,0.1,88.04,79.24,In-Store
SALE-01239,2025-11-17,2025,11,Fall,CUST-0062,PRD-0061,Basic Beanie,Accessories,2,25.12,0.0,50.24,50.24,Mobile App
SALE-01240,2025-11-17,2025,11,Fall,CUST-0009,PRD-0007,Basic Polo Shirt,Tops,2,29.13,0.0,58.26,58.26,Mobile App
SALE-01241,2025-11-18,2025,11,Fall,CUST-0040,PRD-0044,Premium Running Shorts,Activewear,2,64.76,0.0,129.52,129.52,In-Store
SALE-01242,2025-11-18,2025,11,Fall,CUST-0080,PRD-0049,Basic Sneakers,Footwear,2,117.43,0.0,234.86,234.86,Online
SALE-01243,2025-11-19,2025,11,Fall,CUST-0009,PRD-0014,Premium Shorts,Bottoms,1,58.96,0.0,58.96,58.96,Online
SALE-01244,2025-11-19,2025,11,Fall,CUST-0078,PRD-0019,Basic Leggings,Bottoms,1,79.88,0.0,79.88,79.88,In-Store
SALE-01245,2025-11-19,2025,11,Fall,CUST-0013,PRD-0058,Premium Sun Hat,Accessories,1,46.9,0.0,46.9,46.9,In-Store
SALE-01246,2025-11-20,2025,11,Fall,CUST-0077,PRD-0035,Basic Trench Coat,Outerwear,1,154.38,0.0,154.38,154.38,Mobile App
SALE-01247,2025-11-20,2025,11,Fall,CUST-0061,PRD-0001,Basic T-Shirt,Tops,1,26.93,0.0,26.93,26.93,In-Store
SALE-01248,2025-11-21,2025,11,Fall,CUST-0003,PRD-0012,Premium Jeans,Bottoms,1,106.38,0.0,106.38,106.38,In-Store
SALE-01249,2025-11-21,2025,11,Fall,CUST-0042,PRD-0055,Basic Loafers,Footwear,1,120.3,0.0,120.3,120.3,Online
SALE-01250,2025-11-22,2025,11,Fall,CUST-0033,PRD-0039,Basic Yoga Pants,Activewear,1,21.99,0.0,21.99,21.99,Online
SALE-01251,2025-11-22,2025,11,Fall,CUST-0038,PRD-0060,Premium Scarf,Accessories,2,20.13,0.0,40.26,40.26,In-Store
SALE-01252,2025-11-22,2025,11,Fall,CUST-0010,PRD-0018,Premium Trousers,Bottoms,1,65.4,0.2,65.4,52.32,Mobile App
SALE-01253,2025-11-23,2025,11,Fall,CUST-0018,PRD-0004,Premium Blouse,Tops,2,61.37,0.0,122.74,122.74,In-Store
SALE-01254,2025-11-23,2025,11,Fall,CUST-0068,PRD-0022,Premium Sundress,Dresses,4,50.32,0.1,201.28,181.15,Mobile App
SALE-01255,2025-11-23,2025,11,Fall,CUST-0021,PRD-0005,Basic Tank Top,Tops,1,39.45,0.1,39.45,35.51,Mobile App
SALE-01256,2025-11-24,2025,11,Fall,CUST-0043,PRD-0007,Basic Polo Shirt,Tops,1,29.13,0.0,29.13,29.13,In-Store
SALE-01257,2025-11-24,2025,11,Fall,CUST-0079,PRD-0039,Basic Yoga Pants,Activewear,1,21.99,0.2,21.99,17.59,In-Store
SALE-01258,2025-11-24,2025,11,Fall,CUST-0052,PRD-0039,Basic Yoga Pants,Activewear,2,21.99,0.1,43.98,39.58,Mobile App
SALE-01259,2025-11-24,2025,11,Fall,CUST-0022,PRD-0042,Premium Sports Bra,Activewear,2,73.12,0.0,146.24,146.24,In-Store
SALE-01260,2025-11-24,2025,11,Fall,CUST-0035,PRD-0022,Premium Sundress,Dresses,1,50.32,0.0,50.32,50.32,In-Store
SALE-01261,2025-11-24,2025,11,Fall,CUST-0040,PRD-0002,Premium T-Shirt,Tops,1,25.33,0.1,25.33,22.8,Mobile App
SALE-01262,2025-11-25,2025,11,Fall,CUST-0069,PRD-0048,Premium Sandals,Footwear,3,87.64,0.0,262.92,262.92,Online
SALE-01263,2025-11-25,2025,11,Fall,CUST-0015,PRD-0050,Premium Sneakers,Footwear,3,70.35,0.2,211.05,168.84,Online
SALE-01264,2025-11-26,2025,11,Fall,CUST-0047,PRD-0013,Basic Shorts,Bottoms,1,29.02,0.2,29.02,23.22,Mobile App
SALE-01265,2025-11-26,2025,11,Fall,CUST-0046,PRD-0061,Basic Beanie,Accessories,2,25.12,0.0,50.24,50.24,Online
SALE-01266,2025-11-26,2025,11,Fall,CUST-0049,PRD-0061,Basic Beanie,Accessories,4,25.12,0.0,100.48,100.48,In-Store
SALE-01267,2025-11-26,2025,11,Fall,CUST-0026,PRD-0050,Premium Sneakers,Footwear,1,70.35,0.0,70.35,70.35,In-Store
SALE-01268,2025-11-27,2025,11,Fall,CUST-0045,PRD-0061,Basic Beanie,Accessories,2,25.12,0.0,50.24,50.24,In-Store
SALE-01269,2025-11-28,2025,11,Fall,CUST-0045,PRD-0054,Premium Flip Flops,Footwear,1,150.32,0.1,150.32,135.29,Mobile App
SALE-01270,2025-11-28,2025,11,Fall,CUST-0021,PRD-0001,Basic T-Shirt,Tops,1,26.93,0.1,26.93,24.24,In-Store
SALE-01271,2025-11-28,2025,11,Fall,CUST-0067,PRD-0057,Basic Sun Hat,Accessories,2,22.55,0.1,45.1,40.59,In-Store
SALE-01272,2025-11-28,2025,11,Fall,CUST-0075,PRD-0042,Premium Sports Bra,Activewear,1,73.12,0.0,73.12,73.12,Mobile App
SALE-01273,2025-11-28,2025,11,Fall,CUST-0027,PRD-0061,Basic Beanie,Accessories,1,25.12,0.0,25.12,25.12,Mobile App
SALE-01274,2025-11-28,2025,11,Fall,CUST-0014,PRD-0034,Premium Puffer Jacket,Outerwear,1,115.0,0.0,115.0,115.0,Online
SALE-01275,2025-11-29,2025,11,Fall,CUST-0067,PRD-0043,Basic Running Shorts,Activewear,3,57.4,0.1,172.2,154.98,Online
SALE-01276,2025-11-29,2025,11,Fall,CUST-0029,PRD-0065,Basic Sunglasses,Accessories,1,14.3,0.1,14.3,12.87,Online
SALE-01277,2025-11-29,2025,11,Fall,CUST-0030,PRD-0062,Premium Beanie,Accessories,1,35.38,0.0,35.38,35.38,In-Store
SALE-01278,2025-11-30,2025,11,Fall,CUST-0079,PRD-0050,Premium Sneakers,Footwear,2,70.35,0.0,140.7,140.7,Online
SALE-01279,2025-12-01,2025,12,Winter,CUST-0030,PRD-0007,Basic Polo Shirt,Tops,1,29.13,0.0,29.13,29.13,Online
SALE-01280,2025-12-01,2025,12,Winter,CUST-0069,PRD-0065,Basic Sunglasses,Accessories,1,14.3,0.0,14.3,14.3,Mobile App
SALE-01281,2025-12-01,2025,12,Winter,CUST-0029,PRD-0011,Basic Jeans,Bottoms,2,28.68,0.0,57.36,57.36,In-Store
SALE-01282,2025-12-01,2025,12,Winter,CUST-0013,PRD-0060,Premium Scarf,Accessories,2,20.13,0.0,40.26,40.26,Online
SALE-01283,2025-12-01,2025,12,Winter,CUST-0028,PRD-0011,Basic Jeans,Bottoms,1,28.68,0.0,28.68,28.68,Online
SALE-01284,2025-12-01,2025,12,Winter,CUST-0067,PRD-0054,Premium Flip Flops,Footwear,3,150.32,0.2,450.96,360.77,In-Store
SALE-01285,2025-12-02,2025,12,Winter,CUST-0021,PRD-0062,Premium Beanie,Accessories,1,35.38,0.1,35.38,31.84,In-Store
SALE-01286,2025-12-02,2025,12,Winter,CUST-0030,PRD-0018,Premium Trousers,Bottoms,3,65.4,0.0,196.2,196.2,In-Store
SALE-01287,2025-12-03,2025,12,Winter,CUST-0034,PRD-0007,Basic Polo Shirt,Tops,1,29.13,0.0,29.13,29.13,In-Store
SALE-01288,2025-12-03,2025,12,Winter,CUST-0056,PRD-0048,Premium Sandals,Footwear,2,87.64,0.1,175.28,157.75,In-Store
SALE-01289,2025-12-03,2025,12,Winter,CUST-0030,PRD-0047,Basic Sandals,Footwear,1,111.68,0.0,111.68,111.68,Online
SALE-01290,2025-12-03,2025,12,Winter,CUST-0051,PRD-0007,Basic Polo Shirt,Tops,2,29.13,0.0,58.26,58.26,Online
SALE-01291,2025-12-03,2025,12,Winter,CUST-0070,PRD-0002,Premium T-Shirt,Tops,1,25.33,0.1,25.33,22.8,Mobile App
SALE-01292,2025-12-04,2025,12,Winter,CUST-0066,PRD-0031,Basic Denim Jacket,Outerwear,2,206.78,0.0,413.56,413.56,Mobile App
SALE-01293,2025-12-04,2025,12,Winter,CUST-0072,PRD-0062,Premium Beanie,Accessories,1,35.38,0.0,35.38,35.38,In-Store
SALE-01294,2025-12-04,2025,12,Winter,CUST-0070,PRD-0016,Premium Skirt,Bottoms,1,48.68,0.1,48.68,43.81,In-Store
SALE-01295,2025-12-04,2025,12,Winter,CUST-0036,PRD-0032,Premium Denim Jacket,Outerwear,1,176.16,0.1,176.16,158.54,In-Store
SALE-01296,2025-12-04,2025,12,Winter,CUST-0009,PRD-0020,Premium Leggings,Bottoms,1,38.24,0.0,38.24,38.24,In-Store
SALE-01297,2025-12-05,2025,12,Winter,CUST-0005,PRD-0053,Basic Flip Flops,Footwear,1,120.55,0.1,120.55,108.5,In-Store
SALE-01298,2025-12-05,2025,12,Winter,CUST-0031,PRD-0010,Premium Crop Top,Tops,2,42.82,0.0,85.64,85.64,Mobile App
SALE-01299,2025-12-05,2025,12,Winter,CUST-0029,PRD-0008,Premium Polo Shirt,Tops,3,37.93,0.0,113.79,113.79,Mobile App
SALE-01300,2025-12-05,2025,12,Winter,CUST-0031,PRD-0049,Basic Sneakers,Footwear,2,117.43,0.2,234.86,187.89,Online
SALE-01301,2025-12-06,2025,12,Winter,CUST-0074,PRD-0056,Premium Loafers,Footwear,1,84.75,0.0,84.75,84.75,In-Store
SALE-01302,2025-12-06,2025,12,Winter,CUST-0007,PRD-0059,Basic Scarf,Accessories,2,28.16,0.0,56.32,56.32,In-Store
SALE-01303,2025-12-06,2025,12,Winter,CUST-0059,PRD-0019,Basic Leggings,Bottoms,1,79.88,0.0,79.88,79.88,In-Store
SALE-01304,2025-12-07,2025,12,Winter,CUST-0053,PRD-0011,Basic Jeans,Bottoms,1,28.68,0.2,28.68,22.94,In-Store
SALE-01305,2025-12-07,2025,12,Winter,CUST-0002,PRD-0052,Premium Boots,Footwear,1,167.32,0.0,167.32,167.32,Online
SALE-01306,2025-12-07,2025,12,Winter,CUST-0058,PRD-0066,Premium Sunglasses,Accessories,1,31.97,0.1,31.97,28.77,Mobile App
SALE-01307,2025-12-07,2025,12,Winter,CUST-0010,PRD-0044,Premium Running Shorts,Activewear,1,64.76,0.0,64.76,64.76,In-Store
SALE-01308,2025-12-08,2025,12,Winter,CUST-0044,PRD-0066,Premium Sunglasses,Accessories,1,31.97,0.0,31.97,31.97,Online
SALE-01309,2025-12-08,2025,12,Winter,CUST-0018,PRD-0003,Basic Blouse,Tops,1,22.01,0.1,22.01,19.81,In-Store
SALE-01310,2025-12-08,2025,12,Winter,CUST-0009,PRD-0063,Basic Belt,Accessories,3,20.59,0.0,61.77,61.77,In-Store
SALE-01311,2025-12-08,2025,12,Winter,CUST-0051,PRD-0016,Premium Skirt,Bottoms,1,48.68,0.0,48.68,48.68,Online
SALE-01312,2025-12-09,2025,12,Winter,CUST-0069,PRD-0062,Premium Beanie,Accessories,2,35.38,0.1,70.76,63.68,Mobile App
SALE-01313,2025-12-09,2025,12,Winter,CUST-0068,PRD-0015,Basic Skirt,Bottoms,1,38.55,0.1,38.55,34.7,Mobile App
SALE-01314,2025-12-09,2025,12,Winter,CUST-0044,PRD-0069,Basic Swim Trunks,Swimwear,1,22.04,0.2,22.04,17.63,In-Store
SALE-01315,2025-12-09,2025,12,Winter,CUST-0013,PRD-0012,Premium Jeans,Bottoms,2,106.38,0.0,212.76,212.76,Online
SALE-01316,2025-12-10,2025,12,Winter,CUST-0060,PRD-0009,Basic Crop Top,Tops,2,22.4,0.1,44.8,40.32,In-Store
SALE-01317,2025-12-10,2025,12,Winter,CUST-0015,PRD-0048,Premium Sandals,Footwear,1,87.64,0.1,87.64,78.88,In-Store
SALE-01318,2025-12-10,2025,12,Winter,CUST-0050,PRD-0044,Premium Running Shorts,Activewear,1,64.76,0.1,64.76,58.28,Online
SALE-01319,2025-12-11,2025,12,Winter,CUST-0006,PRD-0002,Premium T-Shirt,Tops,1,25.33,0.2,25.33,20.26,Online
SALE-01320,2025-12-11,2025,12,Winter,CUST-0001,PRD-0059,Basic Scarf,Accessories,1,28.16,0.0,28.16,28.16,Online
SALE-01321,2025-12-11,2025,12,Winter,CUST-0044,PRD-0056,Premium Loafers,Footwear,1,84.75,0.0,84.75,84.75,In-Store
SALE-01322,2025-12-12,2025,12,Winter,CUST-0030,PRD-0036,Premium Trench Coat,Outerwear,1,299.66,0.0,299.66,299.66,In-Store
SALE-01323,2025-12-13,2025,12,Winter,CUST-0003,PRD-0056,Premium Loafers,Footwear,2,84.75,0.0,169.5,169.5,Mobile App
SALE-01324,2025-12-13,2025,12,Winter,CUST-0015,PRD-0044,Premium Running Shorts,Activewear,2,64.76,0.2,129.52,103.62,In-Store
SALE-01325,2025-12-14,2025,12,Winter,CUST-0048,PRD-0063,Basic Belt,Accessories,2,20.59,0.0,41.18,41.18,Online
SALE-01326,2025-12-14,2025,12,Winter,CUST-0005,PRD-0011,Basic Jeans,Bottoms,1,28.68,0.1,28.68,25.81,In-Store
SALE-01327,2025-12-14,2025,12,Winter,CUST-0026,PRD-0065,Basic Sunglasses,Accessories,4,14.3,0.0,57.2,57.2,Online
SALE-01328,2025-12-15,2025,12,Winter,CUST-0012,PRD-0015,Basic Skirt,Bottoms,1,38.55,0.1,38.55,34.7,In-Store
SALE-01329,2025-12-15,2025,12,Winter,CUST-0052,PRD-0002,Premium T-Shirt,Tops,1,25.33,0.1,25.33,22.8,Mobile App
SALE-01330,2025-12-15,2025,12,Winter,CUST-0057,PRD-0035,Basic Trench Coat,Outerwear,1,154.38,0.1,154.38,138.94,In-Store
SALE-01331,2025-12-16,2025,12,Winter,CUST-0010,PRD-0054,Premium Flip Flops,Footwear,2,150.32,0.0,300.64,300.64,In-Store
SALE-01332,2025-12-17,2025,12,Winter,CUST-0068,PRD-0018,Premium Trousers,Bottoms,1,65.4,0.0,65.4,65.4,Online
SALE-01333,2025-12-17,2025,12,Winter,CUST-0025,PRD-0048,Premium Sandals,Footwear,3,87.64,0.0,262.92,262.92,Mobile App
SALE-01334,2025-12-17,2025,12,Winter,CUST-0035,PRD-0053,Basic Flip Flops,Footwear,1,120.55,0.1,120.55,108.5,In-Store
SALE-01335,2025-12-17,2025,12,Winter,CUST-0061,PRD-0055,Basic Loafers,Footwear,1,120.3,0.0,120.3,120.3,In-Store
SALE-01336,2025-12-17,2025,12,Winter,CUST-0080,PRD-0065,Basic Sunglasses,Accessories,4,14.3,0.0,57.2,57.2,Online
SALE-01337,2025-12-18,2025,12,Winter,CUST-0008,PRD-0050,Premium Sneakers,Footwear,1,70.35,0.2,70.35,56.28,Mobile App
SALE-01338,2025-12-18,2025,12,Winter,CUST-0039,PRD-0002,Premium T-Shirt,Tops,2,25.33,0.0,50.66,50.66,In-Store
SALE-01339,2025-12-18,2025,12,Winter,CUST-0002,PRD-0042,Premium Sports Bra,Activewear,1,73.12,0.0,73.12,73.12,In-Store
SALE-01340,2025-12-19,2025,12,Winter,CUST-0071,PRD-0002,Premium T-Shirt,Tops,1,25.33,0.0,25.33,25.33,In-Store
SALE-01341,2025-12-19,2025,12,Winter,CUST-0047,PRD-0030,Premium Winter Coat,Outerwear,1,191.36,0.0,191.36,191.36,In-Store
SALE-01342,2025-12-19,2025,12,Winter,CUST-0009,PRD-0019,Basic Leggings,Bottoms,1,79.88,0.2,79.88,63.9,In-Store
SALE-01343,2025-12-20,2025,12,Winter,CUST-0026,PRD-0007,Basic Polo Shirt,Tops,1,29.13,0.1,29.13,26.22,In-Store
SALE-01344,2025-12-20,2025,12,Winter,CUST-0047,PRD-0070,Premium Swim Trunks,Swimwear,2,98.82,0.1,197.64,177.88,Online
SALE-01345,2025-12-20,2025,12,Winter,CUST-0009,PRD-0058,Premium Sun Hat,Accessories,1,46.9,0.0,46.9,46.9,Online
SALE-01346,2025-12-20,2025,12,Winter,CUST-0040,PRD-0065,Basic Sunglasses,Accessories,3,14.3,0.0,42.9,42.9,In-Store
SALE-01347,2025-12-20,2025,12,Winter,CUST-0077,PRD-0046,Premium Track Jacket,Activewear,1,49.41,0.0,49.41,49.41,In-Store
SALE-01348,2025-12-21,2025,12,Winter,CUST-0043,PRD-0014,Premium Shorts,Bottoms,2,58.96,0.1,117.92,106.13,Online
SALE-01349,2025-12-21,2025,12,Winter,CUST-0074,PRD-0016,Premium Skirt,Bottoms,1,48.68,0.1,48.68,43.81,In-Store
SALE-01350,2025-12-22,2025,12,Winter,CUST-0069,PRD-0002,Premium T-Shirt,Tops,1,25.33,0.1,25.33,22.8,Mobile App
SALE-01351,2025-12-23,2025,12,Winter,CUST-0042,PRD-0006,Premium Tank Top,Tops,1,44.5,0.0,44.5,44.5,In-Store
SALE-01352,2025-12-24,2025,12,Winter,CUST-0035,PRD-0008,Premium Polo Shirt,Tops,3,37.93,0.0,113.79,113.79,Online
SALE-01353,2025-12-25,2025,12,Winter,CUST-0038,PRD-0051,Basic Boots,Footwear,3,82.09,0.0,246.27,246.27,In-Store
SALE-01354,2025-12-26,2025,12,Winter,CUST-0053,PRD-0003,Basic Blouse,Tops,3,22.01,0.0,66.03,66.03,Online
SALE-01355,2025-12-26,2025,12,Winter,CUST-0071,PRD-0048,Premium Sandals,Footwear,1,87.64,0.1,87.64,78.88,Online
SALE-01356,2025-12-26,2025,12,Winter,CUST-0015,PRD-0030,Premium Winter Coat,Outerwear,2,191.36,0.2,382.72,306.18,In-Store
SALE-01357,2025-12-27,2025,12,Winter,CUST-0079,PRD-0009,Basic Crop Top,Tops,2,22.4,0.0,44.8,44.8,Mobile App
SALE-01358,2025-12-27,2025,12,Winter,CUST-0004,PRD-0032,Premium Denim Jacket,Outerwear,2,176.16,0.1,352.32,317.09,Online
SALE-01359,2025-12-27,2025,12,Winter,CUST-0042,PRD-0009,Basic Crop Top,Tops,1,22.4,0.2,22.4,17.92,In-Store
SALE-01360,2025-12-29,2025,12,Winter,CUST-0054,PRD-0042,Premium Sports Bra,Activewear,1,73.12,0.1,73.12,65.81,Online
SALE-01361,2025-12-29,2025,12,Winter,CUST-0080,PRD-0032,Premium Denim Jacket,Outerwear,2,176.16,0.0,352.32,352.32,In-Store
SALE-01362,2025-12-30,2025,12,Winter,CUST-0035,PRD-0033,Basic Puffer Jacket,Outerwear,1,119.01,0.1,119.01,107.11,In-Store
SALE-01363,2025-12-30,2025,12,Winter,CUST-0061,PRD-0047,Basic Sandals,Footwear,2,111.68,0.1,223.36,201.02,Mobile App
SALE-01364,2025-12-30,2025,12,Winter,CUST-0015,PRD-0059,Basic Scarf,Accessories,1,28.16,0.0,28.16,28.16,Online
SALE-01365,2025-12-30,2025,12,Winter,CUST-0055,PRD-0066,Premium Sunglasses,Accessories,1,31.97,0.1,31.97,28.77,Online
SALE-01366,2025-12-31,2025,12,Winter,CUST-0047,PRD-0059,Basic Scarf,Accessories,1,28.16,0.0,28.16,28.16,Online
SALE-01367,2025-12-31,2025,12,Winter,CUST-0023,PRD-0014,Premium Shorts,Bottoms,2,58.96,0.0,117.92,117.92,Mobile App
